"kind","source","copied_to","bytes"
"doc","D:\MyWork\verilog\dbs\ibex\doc\index.rst","D:\MyWork\verilog\out\spec_documents_20260514_204108\ibex\doc\index.rst","1515"
"doc","D:\MyWork\verilog\dbs\ibex\doc\requirements.txt","D:\MyWork\verilog\out\spec_documents_20260514_204108\ibex\doc\requirements.txt","108"
"doc","D:\MyWork\verilog\dbs\ibex\doc\01_overview\compliance.rst","D:\MyWork\verilog\out\spec_documents_20260514_204108\ibex\doc\01_overview\compliance.rst","3758"
"doc","D:\MyWork\verilog\dbs\ibex\doc\01_overview\index.rst","D:\MyWork\verilog\out\spec_documents_20260514_204108\ibex\doc\01_overview\index.rst","611"
"doc","D:\MyWork\verilog\dbs\ibex\doc\01_overview\licensing.rst","D:\MyWork\verilog\out\spec_documents_20260514_204108\ibex\doc\01_overview\licensing.rst","829"
"doc","D:\MyWork\verilog\dbs\ibex\doc\01_overview\targets.rst","D:\MyWork\verilog\out\spec_documents_20260514_204108\ibex\doc\01_overview\targets.rst","722"
"doc","D:\MyWork\verilog\dbs\ibex\doc\01_overview\verification_overview.rst","D:\MyWork\verilog\out\spec_documents_20260514_204108\ibex\doc\01_overview\verification_overview.rst","1996"
"doc","D:\MyWork\verilog\dbs\ibex\doc\02_user\configuration.rst","D:\MyWork\verilog\out\spec_documents_20260514_204108\ibex\doc\02_user\configuration.rst","2297"
"doc","D:\MyWork\verilog\dbs\ibex\doc\02_user\examples.rst","D:\MyWork\verilog\out\spec_documents_20260514_204108\ibex\doc\02_user\examples.rst","1447"
"doc","D:\MyWork\verilog\dbs\ibex\doc\02_user\getting_started.rst","D:\MyWork\verilog\out\spec_documents_20260514_204108\ibex\doc\02_user\getting_started.rst","1271"
"doc","D:\MyWork\verilog\dbs\ibex\doc\02_user\index.rst","D:\MyWork\verilog\out\spec_documents_20260514_204108\ibex\doc\02_user\index.rst","387"
"doc","D:\MyWork\verilog\dbs\ibex\doc\02_user\integration.rst","D:\MyWork\verilog\out\spec_documents_20260514_204108\ibex\doc\02_user\integration.rst","27401"
"doc","D:\MyWork\verilog\dbs\ibex\doc\02_user\system_requirements.rst","D:\MyWork\verilog\out\spec_documents_20260514_204108\ibex\doc\02_user\system_requirements.rst","2262"
"doc","D:\MyWork\verilog\dbs\ibex\doc\03_reference\cosim.rst","D:\MyWork\verilog\out\spec_documents_20260514_204108\ibex\doc\03_reference\cosim.rst","12219"
"doc","D:\MyWork\verilog\dbs\ibex\doc\03_reference\coverage_plan.rst","D:\MyWork\verilog\out\spec_documents_20260514_204108\ibex\doc\03_reference\coverage_plan.rst","25412"
"doc","D:\MyWork\verilog\dbs\ibex\doc\03_reference\cs_registers.rst","D:\MyWork\verilog\out\spec_documents_20260514_204108\ibex\doc\03_reference\cs_registers.rst","36393"
"doc","D:\MyWork\verilog\dbs\ibex\doc\03_reference\debug.rst","D:\MyWork\verilog\out\spec_documents_20260514_204108\ibex\doc\03_reference\debug.rst","3261"
"doc","D:\MyWork\verilog\dbs\ibex\doc\03_reference\exception_interrupts.rst","D:\MyWork\verilog\out\spec_documents_20260514_204108\ibex\doc\03_reference\exception_interrupts.rst","12152"
"doc","D:\MyWork\verilog\dbs\ibex\doc\03_reference\history.rst","D:\MyWork\verilog\out\spec_documents_20260514_204108\ibex\doc\03_reference\history.rst","982"
"doc","D:\MyWork\verilog\dbs\ibex\doc\03_reference\icache.rst","D:\MyWork\verilog\out\spec_documents_20260514_204108\ibex\doc\03_reference\icache.rst","19733"
"doc","D:\MyWork\verilog\dbs\ibex\doc\03_reference\index.rst","D:\MyWork\verilog\out\spec_documents_20260514_204108\ibex\doc\03_reference\index.rst","666"
"doc","D:\MyWork\verilog\dbs\ibex\doc\03_reference\instruction_decode_execute.rst","D:\MyWork\verilog\out\spec_documents_20260514_204108\ibex\doc\03_reference\instruction_decode_execute.rst","11403"
"doc","D:\MyWork\verilog\dbs\ibex\doc\03_reference\instruction_fetch.rst","D:\MyWork\verilog\out\spec_documents_20260514_204108\ibex\doc\03_reference\instruction_fetch.rst","5809"
"doc","D:\MyWork\verilog\dbs\ibex\doc\03_reference\load_store_unit.rst","D:\MyWork\verilog\out\spec_documents_20260514_204108\ibex\doc\03_reference\load_store_unit.rst","9870"
"doc","D:\MyWork\verilog\dbs\ibex\doc\03_reference\performance_counters.rst","D:\MyWork\verilog\out\spec_documents_20260514_204108\ibex\doc\03_reference\performance_counters.rst","11165"
"doc","D:\MyWork\verilog\dbs\ibex\doc\03_reference\pipeline_details.rst","D:\MyWork\verilog\out\spec_documents_20260514_204108\ibex\doc\03_reference\pipeline_details.rst","10483"
"doc","D:\MyWork\verilog\dbs\ibex\doc\03_reference\pmp.rst","D:\MyWork\verilog\out\spec_documents_20260514_204108\ibex\doc\03_reference\pmp.rst","4298"
"doc","D:\MyWork\verilog\dbs\ibex\doc\03_reference\register_file.rst","D:\MyWork\verilog\out\spec_documents_20260514_204108\ibex\doc\03_reference\register_file.rst","4494"
"doc","D:\MyWork\verilog\dbs\ibex\doc\03_reference\rvfi.rst","D:\MyWork\verilog\out\spec_documents_20260514_204108\ibex\doc\03_reference\rvfi.rst","1047"
"doc","D:\MyWork\verilog\dbs\ibex\doc\03_reference\security.rst","D:\MyWork\verilog\out\spec_documents_20260514_204108\ibex\doc\03_reference\security.rst","8316"
"doc","D:\MyWork\verilog\dbs\ibex\doc\03_reference\testplan.rst","D:\MyWork\verilog\out\spec_documents_20260514_204108\ibex\doc\03_reference\testplan.rst","7032"
"doc","D:\MyWork\verilog\dbs\ibex\doc\03_reference\tracer.rst","D:\MyWork\verilog\out\spec_documents_20260514_204108\ibex\doc\03_reference\tracer.rst","2998"
"doc","D:\MyWork\verilog\dbs\ibex\doc\03_reference\verification.rst","D:\MyWork\verilog\out\spec_documents_20260514_204108\ibex\doc\03_reference\verification.rst","13347"
"doc","D:\MyWork\verilog\dbs\ibex\doc\03_reference\verification_stages.rst","D:\MyWork\verilog\out\spec_documents_20260514_204108\ibex\doc\03_reference\verification_stages.rst","38988"
"doc","D:\MyWork\verilog\dbs\ibex\doc\04_developer\concierge.rst","D:\MyWork\verilog\out\spec_documents_20260514_204108\ibex\doc\04_developer\concierge.rst","2844"
"doc","D:\MyWork\verilog\dbs\ibex\doc\04_developer\index.rst","D:\MyWork\verilog\out\spec_documents_20260514_204108\ibex\doc\04_developer\index.rst","579"
"hjson_spec","D:\MyWork\verilog\dbs\ibex\dv\uvm\icache\data\ibex_icache_testplan.hjson","D:\MyWork\verilog\out\spec_documents_20260514_204108\ibex\dv\uvm\icache\data\ibex_icache_testplan.hjson","5431"
"doc","D:\MyWork\verilog\dbs\ibex\dv\uvm\icache\doc\ibex_icache_dv_plan.md","D:\MyWork\verilog\out\spec_documents_20260514_204108\ibex\dv\uvm\icache\doc\ibex_icache_dv_plan.md","13654"
"doc","D:\MyWork\verilog\dbs\ibex\vendor\lowrisc_ip\ip\prim\doc\prim_flash.md","D:\MyWork\verilog\out\spec_documents_20260514_204108\ibex\vendor\lowrisc_ip\ip\prim\doc\prim_flash.md","8810"
"doc","D:\MyWork\verilog\dbs\ibex\vendor\lowrisc_ip\ip\prim\doc\prim_keccak.md","D:\MyWork\verilog\out\spec_documents_20260514_204108\ibex\vendor\lowrisc_ip\ip\prim\doc\prim_keccak.md","4187"
"doc","D:\MyWork\verilog\dbs\ibex\vendor\lowrisc_ip\ip\prim\doc\prim_lfsr.md","D:\MyWork\verilog\out\spec_documents_20260514_204108\ibex\vendor\lowrisc_ip\ip\prim\doc\prim_lfsr.md","3961"
"doc","D:\MyWork\verilog\dbs\ibex\vendor\lowrisc_ip\ip\prim\doc\prim_packer.md","D:\MyWork\verilog\out\spec_documents_20260514_204108\ibex\vendor\lowrisc_ip\ip\prim\doc\prim_packer.md","4572"
"doc","D:\MyWork\verilog\dbs\ibex\vendor\lowrisc_ip\ip\prim\doc\prim_packer_fifo.md","D:\MyWork\verilog\out\spec_documents_20260514_204108\ibex\vendor\lowrisc_ip\ip\prim\doc\prim_packer_fifo.md","2660"
"doc","D:\MyWork\verilog\dbs\ibex\vendor\lowrisc_ip\ip\prim\doc\prim_present.md","D:\MyWork\verilog\out\spec_documents_20260514_204108\ibex\vendor\lowrisc_ip\ip\prim\doc\prim_present.md","4102"
"doc","D:\MyWork\verilog\dbs\ibex\vendor\lowrisc_ip\ip\prim\doc\prim_prince.md","D:\MyWork\verilog\out\spec_documents_20260514_204108\ibex\vendor\lowrisc_ip\ip\prim\doc\prim_prince.md","6141"
"doc","D:\MyWork\verilog\dbs\ibex\vendor\lowrisc_ip\ip\prim\doc\prim_ram_1p_scr.md","D:\MyWork\verilog\out\spec_documents_20260514_204108\ibex\vendor\lowrisc_ip\ip\prim\doc\prim_ram_1p_scr.md","9294"
"doc","D:\MyWork\verilog\dbs\ibex\vendor\lowrisc_ip\ip\prim\doc\prim_xoshiro256pp.md","D:\MyWork\verilog\out\spec_documents_20260514_204108\ibex\vendor\lowrisc_ip\ip\prim\doc\prim_xoshiro256pp.md","2790"
"hjson_spec","D:\MyWork\verilog\dbs\ibex\vendor\lowrisc_ip\ip\prim\dv\prim_alert\data\prim_alert_testplan.hjson","D:\MyWork\verilog\out\spec_documents_20260514_204108\ibex\vendor\lowrisc_ip\ip\prim\dv\prim_alert\data\prim_alert_testplan.hjson","4326"
"hjson_spec","D:\MyWork\verilog\dbs\ibex\vendor\lowrisc_ip\ip\prim\dv\prim_esc\data\prim_esc_testplan.hjson","D:\MyWork\verilog\out\spec_documents_20260514_204108\ibex\vendor\lowrisc_ip\ip\prim\dv\prim_esc\data\prim_esc_testplan.hjson","3472"
"doc","D:\MyWork\verilog\dbs\ibex\vendor\lowrisc_ip\util\dvsim\doc\design_doc.md","D:\MyWork\verilog\out\spec_documents_20260514_204108\ibex\vendor\lowrisc_ip\util\dvsim\doc\design_doc.md","17630"
"doc","D:\MyWork\verilog\dbs\ibex\vendor\lowrisc_ip\util\dvsim\doc\glossary.md","D:\MyWork\verilog\out\spec_documents_20260514_204108\ibex\vendor\lowrisc_ip\util\dvsim\doc\glossary.md","9049"
"doc","D:\MyWork\verilog\dbs\ibex\vendor\lowrisc_ip\util\dvsim\doc\testplanner.md","D:\MyWork\verilog\out\spec_documents_20260514_204108\ibex\vendor\lowrisc_ip\util\dvsim\doc\testplanner.md","13313"
"doc","D:\MyWork\verilog\dbs\opentitan\doc\glossary.md","D:\MyWork\verilog\out\spec_documents_20260514_204108\opentitan\doc\glossary.md","5348"
"doc","D:\MyWork\verilog\dbs\opentitan\doc\productarchitecture.md","D:\MyWork\verilog\out\spec_documents_20260514_204108\opentitan\doc\productarchitecture.md","1698"
"doc","D:\MyWork\verilog\dbs\opentitan\doc\rust_for_c_devs.md","D:\MyWork\verilog\out\spec_documents_20260514_204108\opentitan\doc\rust_for_c_devs.md","123682"
"doc","D:\MyWork\verilog\dbs\opentitan\doc\contributing\bazel_notes.md","D:\MyWork\verilog\out\spec_documents_20260514_204108\opentitan\doc\contributing\bazel_notes.md","18414"
"doc","D:\MyWork\verilog\dbs\opentitan\doc\contributing\directory_structure.md","D:\MyWork\verilog\out\spec_documents_20260514_204108\opentitan\doc\contributing\directory_structure.md","6393"
"doc","D:\MyWork\verilog\dbs\opentitan\doc\contributing\github_notes.md","D:\MyWork\verilog\out\spec_documents_20260514_204108\opentitan\doc\contributing\github_notes.md","20697"
"doc","D:\MyWork\verilog\dbs\opentitan\doc\contributing\README.md","D:\MyWork\verilog\out\spec_documents_20260514_204108\opentitan\doc\contributing\README.md","5442"
"doc","D:\MyWork\verilog\dbs\opentitan\doc\contributing\system_list.md","D:\MyWork\verilog\out\spec_documents_20260514_204108\opentitan\doc\contributing\system_list.md","697"
"doc","D:\MyWork\verilog\dbs\opentitan\doc\contributing\ci\README.md","D:\MyWork\verilog\out\spec_documents_20260514_204108\opentitan\doc\contributing\ci\README.md","5607"
"doc","D:\MyWork\verilog\dbs\opentitan\doc\contributing\detailed_contribution_guide\README.md","D:\MyWork\verilog\out\spec_documents_20260514_204108\opentitan\doc\contributing\detailed_contribution_guide\README.md","24705"
"doc","D:\MyWork\verilog\dbs\opentitan\doc\contributing\doc\example_ip_block.md","D:\MyWork\verilog\out\spec_documents_20260514_204108\opentitan\doc\contributing\doc\example_ip_block.md","4769"
"doc","D:\MyWork\verilog\dbs\opentitan\doc\contributing\doc\README.md","D:\MyWork\verilog\out\spec_documents_20260514_204108\opentitan\doc\contributing\doc\README.md","3108"
"doc","D:\MyWork\verilog\dbs\opentitan\doc\contributing\dv\README.md","D:\MyWork\verilog\out\spec_documents_20260514_204108\opentitan\doc\contributing\dv\README.md","425"
"doc","D:\MyWork\verilog\dbs\opentitan\doc\contributing\dv\methodology\README.md","D:\MyWork\verilog\out\spec_documents_20260514_204108\opentitan\doc\contributing\dv\methodology\README.md","47005"
"doc","D:\MyWork\verilog\dbs\opentitan\doc\contributing\dv\sec_cm_dv_framework\README.md","D:\MyWork\verilog\out\spec_documents_20260514_204108\opentitan\doc\contributing\dv\sec_cm_dv_framework\README.md","9494"
"doc","D:\MyWork\verilog\dbs\opentitan\doc\contributing\fpga\debugging_with_ila.md","D:\MyWork\verilog\out\spec_documents_20260514_204108\opentitan\doc\contributing\fpga\debugging_with_ila.md","20030"
"doc","D:\MyWork\verilog\dbs\opentitan\doc\contributing\fpga\get_a_board.md","D:\MyWork\verilog\out\spec_documents_20260514_204108\opentitan\doc\contributing\fpga\get_a_board.md","2973"
"doc","D:\MyWork\verilog\dbs\opentitan\doc\contributing\fpga\README.md","D:\MyWork\verilog\out\spec_documents_20260514_204108\opentitan\doc\contributing\fpga\README.md","539"
"doc","D:\MyWork\verilog\dbs\opentitan\doc\contributing\fpga\ref_manual_fpga.md","D:\MyWork\verilog\out\spec_documents_20260514_204108\opentitan\doc\contributing\fpga\ref_manual_fpga.md","10286"
"doc","D:\MyWork\verilog\dbs\opentitan\doc\contributing\hw\design.md","D:\MyWork\verilog\out\spec_documents_20260514_204108\opentitan\doc\contributing\hw\design.md","8903"
"doc","D:\MyWork\verilog\dbs\opentitan\doc\contributing\hw\methodology.md","D:\MyWork\verilog\out\spec_documents_20260514_204108\opentitan\doc\contributing\hw\methodology.md","20785"
"doc","D:\MyWork\verilog\dbs\opentitan\doc\contributing\hw\README.md","D:\MyWork\verilog\out\spec_documents_20260514_204108\opentitan\doc\contributing\hw\README.md","463"
"doc","D:\MyWork\verilog\dbs\opentitan\doc\contributing\hw\vendor.md","D:\MyWork\verilog\out\spec_documents_20260514_204108\opentitan\doc\contributing\hw\vendor.md","18726"
"doc","D:\MyWork\verilog\dbs\opentitan\doc\contributing\hw\comportability\README.md","D:\MyWork\verilog\out\spec_documents_20260514_204108\opentitan\doc\contributing\hw\comportability\README.md","49339"
"doc","D:\MyWork\verilog\dbs\opentitan\doc\contributing\hw\racl\README.md","D:\MyWork\verilog\out\spec_documents_20260514_204108\opentitan\doc\contributing\hw\racl\README.md","18749"
"doc","D:\MyWork\verilog\dbs\opentitan\doc\contributing\style_guides\asm_coding_style.md","D:\MyWork\verilog\out\spec_documents_20260514_204108\opentitan\doc\contributing\style_guides\asm_coding_style.md","13256"
"doc","D:\MyWork\verilog\dbs\opentitan\doc\contributing\style_guides\c_cpp_coding_style.md","D:\MyWork\verilog\out\spec_documents_20260514_204108\opentitan\doc\contributing\style_guides\c_cpp_coding_style.md","25646"
"doc","D:\MyWork\verilog\dbs\opentitan\doc\contributing\style_guides\guidance_for_volatile.md","D:\MyWork\verilog\out\spec_documents_20260514_204108\opentitan\doc\contributing\style_guides\guidance_for_volatile.md","10489"
"doc","D:\MyWork\verilog\dbs\opentitan\doc\contributing\style_guides\hjson_usage_style.md","D:\MyWork\verilog\out\spec_documents_20260514_204108\opentitan\doc\contributing\style_guides\hjson_usage_style.md","8230"
"doc","D:\MyWork\verilog\dbs\opentitan\doc\contributing\style_guides\markdown_usage_style.md","D:\MyWork\verilog\out\spec_documents_20260514_204108\opentitan\doc\contributing\style_guides\markdown_usage_style.md","8650"
"doc","D:\MyWork\verilog\dbs\opentitan\doc\contributing\style_guides\otbn_style_guide.md","D:\MyWork\verilog\out\spec_documents_20260514_204108\opentitan\doc\contributing\style_guides\otbn_style_guide.md","14090"
"doc","D:\MyWork\verilog\dbs\opentitan\doc\contributing\style_guides\python_coding_style.md","D:\MyWork\verilog\out\spec_documents_20260514_204108\opentitan\doc\contributing\style_guides\python_coding_style.md","7973"
"doc","D:\MyWork\verilog\dbs\opentitan\doc\contributing\style_guides\README.md","D:\MyWork\verilog\out\spec_documents_20260514_204108\opentitan\doc\contributing\style_guides\README.md","820"
"doc","D:\MyWork\verilog\dbs\opentitan\doc\contributing\sw\adding_python_depedencies.md","D:\MyWork\verilog\out\spec_documents_20260514_204108\opentitan\doc\contributing\sw\adding_python_depedencies.md","765"
"doc","D:\MyWork\verilog\dbs\opentitan\doc\contributing\sw\device_interface_functions.md","D:\MyWork\verilog\out\spec_documents_20260514_204108\opentitan\doc\contributing\sw\device_interface_functions.md","10194"
"doc","D:\MyWork\verilog\dbs\opentitan\doc\contributing\sw\otbn_sw.md","D:\MyWork\verilog\out\spec_documents_20260514_204108\opentitan\doc\contributing\sw\otbn_sw.md","3456"
"doc","D:\MyWork\verilog\dbs\opentitan\doc\contributing\sw\README.md","D:\MyWork\verilog\out\spec_documents_20260514_204108\opentitan\doc\contributing\sw\README.md","544"
"doc","D:\MyWork\verilog\dbs\opentitan\doc\getting_started\build_docs.md","D:\MyWork\verilog\out\spec_documents_20260514_204108\opentitan\doc\getting_started\build_docs.md","1843"
"doc","D:\MyWork\verilog\dbs\opentitan\doc\getting_started\build_sw.md","D:\MyWork\verilog\out\spec_documents_20260514_204108\opentitan\doc\getting_started\build_sw.md","18756"
"doc","D:\MyWork\verilog\dbs\opentitan\doc\getting_started\README.md","D:\MyWork\verilog\out\spec_documents_20260514_204108\opentitan\doc\getting_started\README.md","9493"
"doc","D:\MyWork\verilog\dbs\opentitan\doc\getting_started\setup_dv.md","D:\MyWork\verilog\out\spec_documents_20260514_204108\opentitan\doc\getting_started\setup_dv.md","8729"
"doc","D:\MyWork\verilog\dbs\opentitan\doc\getting_started\setup_formal.md","D:\MyWork\verilog\out\spec_documents_20260514_204108\opentitan\doc\getting_started\setup_formal.md","2464"
"doc","D:\MyWork\verilog\dbs\opentitan\doc\getting_started\setup_fpga.md","D:\MyWork\verilog\out\spec_documents_20260514_204108\opentitan\doc\getting_started\setup_fpga.md","32466"
"doc","D:\MyWork\verilog\dbs\opentitan\doc\getting_started\setup_verilator.md","D:\MyWork\verilog\out\spec_documents_20260514_204108\opentitan\doc\getting_started\setup_verilator.md","16259"
"doc","D:\MyWork\verilog\dbs\opentitan\doc\getting_started\tools-setup.md","D:\MyWork\verilog\out\spec_documents_20260514_204108\opentitan\doc\getting_started\tools-setup.md","219"
"doc","D:\MyWork\verilog\dbs\opentitan\doc\getting_started\using_openocd.md","D:\MyWork\verilog\out\spec_documents_20260514_204108\opentitan\doc\getting_started\using_openocd.md","1130"
"doc","D:\MyWork\verilog\dbs\opentitan\doc\getting_started\workflows.md","D:\MyWork\verilog\out\spec_documents_20260514_204108\opentitan\doc\getting_started\workflows.md","286"
"doc","D:\MyWork\verilog\dbs\opentitan\doc\getting_started\install_vivado\README.md","D:\MyWork\verilog\out\spec_documents_20260514_204108\opentitan\doc\getting_started\install_vivado\README.md","1798"
"doc","D:\MyWork\verilog\dbs\opentitan\doc\getting_started\unofficial\fedora.md","D:\MyWork\verilog\out\spec_documents_20260514_204108\opentitan\doc\getting_started\unofficial\fedora.md","943"
"doc","D:\MyWork\verilog\dbs\opentitan\doc\getting_started\unofficial\README.md","D:\MyWork\verilog\out\spec_documents_20260514_204108\opentitan\doc\getting_started\unofficial\README.md","458"
"doc","D:\MyWork\verilog\dbs\opentitan\doc\project_governance\code_of_conduct.md","D:\MyWork\verilog\out\spec_documents_20260514_204108\opentitan\doc\project_governance\code_of_conduct.md","11006"
"doc","D:\MyWork\verilog\dbs\opentitan\doc\project_governance\committers.md","D:\MyWork\verilog\out\spec_documents_20260514_204108\opentitan\doc\project_governance\committers.md","4204"
"doc","D:\MyWork\verilog\dbs\opentitan\doc\project_governance\communications.md","D:\MyWork\verilog\out\spec_documents_20260514_204108\opentitan\doc\project_governance\communications.md","8322"
"doc","D:\MyWork\verilog\dbs\opentitan\doc\project_governance\corporate_cla.txt","D:\MyWork\verilog\out\spec_documents_20260514_204108\opentitan\doc\project_governance\corporate_cla.txt","9169"
"doc","D:\MyWork\verilog\dbs\opentitan\doc\project_governance\development_stages.md","D:\MyWork\verilog\out\spec_documents_20260514_204108\opentitan\doc\project_governance\development_stages.md","23537"
"doc","D:\MyWork\verilog\dbs\opentitan\doc\project_governance\edit.md","D:\MyWork\verilog\out\spec_documents_20260514_204108\opentitan\doc\project_governance\edit.md","697"
"doc","D:\MyWork\verilog\dbs\opentitan\doc\project_governance\governing_board.md","D:\MyWork\verilog\out\spec_documents_20260514_204108\opentitan\doc\project_governance\governing_board.md","2884"
"doc","D:\MyWork\verilog\dbs\opentitan\doc\project_governance\history.md","D:\MyWork\verilog\out\spec_documents_20260514_204108\opentitan\doc\project_governance\history.md","2919"
"doc","D:\MyWork\verilog\dbs\opentitan\doc\project_governance\lowRISC.md","D:\MyWork\verilog\out\spec_documents_20260514_204108\opentitan\doc\project_governance\lowRISC.md","1649"
"doc","D:\MyWork\verilog\dbs\opentitan\doc\project_governance\membership.md","D:\MyWork\verilog\out\spec_documents_20260514_204108\opentitan\doc\project_governance\membership.md","7711"
"doc","D:\MyWork\verilog\dbs\opentitan\doc\project_governance\news.md","D:\MyWork\verilog\out\spec_documents_20260514_204108\opentitan\doc\project_governance\news.md","8359"
"doc","D:\MyWork\verilog\dbs\opentitan\doc\project_governance\opensource.md","D:\MyWork\verilog\out\spec_documents_20260514_204108\opentitan\doc\project_governance\opensource.md","589"
"doc","D:\MyWork\verilog\dbs\opentitan\doc\project_governance\priority_definitions.md","D:\MyWork\verilog\out\spec_documents_20260514_204108\opentitan\doc\project_governance\priority_definitions.md","2553"
"doc","D:\MyWork\verilog\dbs\opentitan\doc\project_governance\project_milestone_definitions.md","D:\MyWork\verilog\out\spec_documents_20260514_204108\opentitan\doc\project_governance\project_milestone_definitions.md","5198"
"doc","D:\MyWork\verilog\dbs\opentitan\doc\project_governance\README.md","D:\MyWork\verilog\out\spec_documents_20260514_204108\opentitan\doc\project_governance\README.md","2527"
"doc","D:\MyWork\verilog\dbs\opentitan\doc\project_governance\rfc_approved.md","D:\MyWork\verilog\out\spec_documents_20260514_204108\opentitan\doc\project_governance\rfc_approved.md","791"
"doc","D:\MyWork\verilog\dbs\opentitan\doc\project_governance\rfc_process.md","D:\MyWork\verilog\out\spec_documents_20260514_204108\opentitan\doc\project_governance\rfc_process.md","5220"
"doc","D:\MyWork\verilog\dbs\opentitan\doc\project_governance\technical_committee.md","D:\MyWork\verilog\out\spec_documents_20260514_204108\opentitan\doc\project_governance\technical_committee.md","6070"
"doc","D:\MyWork\verilog\dbs\opentitan\doc\project_governance\trademark.md","D:\MyWork\verilog\out\spec_documents_20260514_204108\opentitan\doc\project_governance\trademark.md","5711"
"doc","D:\MyWork\verilog\dbs\opentitan\doc\project_governance\useraccounts.md","D:\MyWork\verilog\out\spec_documents_20260514_204108\opentitan\doc\project_governance\useraccounts.md","6168"
"doc","D:\MyWork\verilog\dbs\opentitan\doc\project_governance\working_group.md","D:\MyWork\verilog\out\spec_documents_20260514_204108\opentitan\doc\project_governance\working_group.md","4777"
"doc","D:\MyWork\verilog\dbs\opentitan\doc\project_governance\checklist\README.md","D:\MyWork\verilog\out\spec_documents_20260514_204108\opentitan\doc\project_governance\checklist\README.md","29370"
"doc","D:\MyWork\verilog\dbs\opentitan\doc\sections\contributor.md","D:\MyWork\verilog\out\spec_documents_20260514_204108\opentitan\doc\sections\contributor.md","362"
"doc","D:\MyWork\verilog\dbs\opentitan\doc\sections\governance.md","D:\MyWork\verilog\out\spec_documents_20260514_204108\opentitan\doc\sections\governance.md","1223"
"doc","D:\MyWork\verilog\dbs\opentitan\doc\sections\opentitan.md","D:\MyWork\verilog\out\spec_documents_20260514_204108\opentitan\doc\sections\opentitan.md","490"
"doc","D:\MyWork\verilog\dbs\opentitan\doc\sections\security.md","D:\MyWork\verilog\out\spec_documents_20260514_204108\opentitan\doc\sections\security.md","511"
"doc","D:\MyWork\verilog\dbs\opentitan\doc\sections\software.md","D:\MyWork\verilog\out\spec_documents_20260514_204108\opentitan\doc\sections\software.md","709"
"doc","D:\MyWork\verilog\dbs\opentitan\doc\sections\specification.md","D:\MyWork\verilog\out\spec_documents_20260514_204108\opentitan\doc\sections\specification.md","332"
"doc","D:\MyWork\verilog\dbs\opentitan\doc\sections\usecases.md","D:\MyWork\verilog\out\spec_documents_20260514_204108\opentitan\doc\sections\usecases.md","558"
"doc","D:\MyWork\verilog\dbs\opentitan\doc\security\README.md","D:\MyWork\verilog\out\spec_documents_20260514_204108\opentitan\doc\security\README.md","6081"
"doc","D:\MyWork\verilog\dbs\opentitan\doc\security\cryptolib\contributing.md","D:\MyWork\verilog\out\spec_documents_20260514_204108\opentitan\doc\security\cryptolib\contributing.md","5982"
"doc","D:\MyWork\verilog\dbs\opentitan\doc\security\cryptolib\cryptolib_api.md","D:\MyWork\verilog\out\spec_documents_20260514_204108\opentitan\doc\security\cryptolib\cryptolib_api.md","44139"
"doc","D:\MyWork\verilog\dbs\opentitan\doc\security\cryptolib\README.md","D:\MyWork\verilog\out\spec_documents_20260514_204108\opentitan\doc\security\cryptolib\README.md","505"
"doc","D:\MyWork\verilog\dbs\opentitan\doc\security\cryptolib\security.md","D:\MyWork\verilog\out\spec_documents_20260514_204108\opentitan\doc\security\cryptolib\security.md","8124"
"doc","D:\MyWork\verilog\dbs\opentitan\doc\security\implementation_guidelines\README.md","D:\MyWork\verilog\out\spec_documents_20260514_204108\opentitan\doc\security\implementation_guidelines\README.md","165"
"doc","D:\MyWork\verilog\dbs\opentitan\doc\security\implementation_guidelines\hardware\README.md","D:\MyWork\verilog\out\spec_documents_20260514_204108\opentitan\doc\security\implementation_guidelines\hardware\README.md","23985"
"doc","D:\MyWork\verilog\dbs\opentitan\doc\security\implementation_guidelines\reset_vs_non-reset_flops\README.md","D:\MyWork\verilog\out\spec_documents_20260514_204108\opentitan\doc\security\implementation_guidelines\reset_vs_non-reset_flops\README.md","13150"
"doc","D:\MyWork\verilog\dbs\opentitan\doc\security\logical_security_model\README.md","D:\MyWork\verilog\out\spec_documents_20260514_204108\opentitan\doc\security\logical_security_model\README.md","16395"
"doc","D:\MyWork\verilog\dbs\opentitan\doc\security\specs\README.md","D:\MyWork\verilog\out\spec_documents_20260514_204108\opentitan\doc\security\specs\README.md","3833"
"doc","D:\MyWork\verilog\dbs\opentitan\doc\security\specs\attestation\README.md","D:\MyWork\verilog\out\spec_documents_20260514_204108\opentitan\doc\security\specs\attestation\README.md","29887"
"doc","D:\MyWork\verilog\dbs\opentitan\doc\security\specs\device_life_cycle\README.md","D:\MyWork\verilog\out\spec_documents_20260514_204108\opentitan\doc\security\specs\device_life_cycle\README.md","22527"
"doc","D:\MyWork\verilog\dbs\opentitan\doc\security\specs\device_provisioning\README.md","D:\MyWork\verilog\out\spec_documents_20260514_204108\opentitan\doc\security\specs\device_provisioning\README.md","35127"
"doc","D:\MyWork\verilog\dbs\opentitan\doc\security\specs\firmware_update\README.md","D:\MyWork\verilog\out\spec_documents_20260514_204108\opentitan\doc\security\specs\firmware_update\README.md","2364"
"doc","D:\MyWork\verilog\dbs\opentitan\doc\security\specs\identities_and_root_keys\README.md","D:\MyWork\verilog\out\spec_documents_20260514_204108\opentitan\doc\security\specs\identities_and_root_keys\README.md","23570"
"doc","D:\MyWork\verilog\dbs\opentitan\doc\security\specs\ownership_transfer\README.md","D:\MyWork\verilog\out\spec_documents_20260514_204108\opentitan\doc\security\specs\ownership_transfer\README.md","26223"
"doc","D:\MyWork\verilog\dbs\opentitan\doc\security\specs\secure_boot\README.md","D:\MyWork\verilog\out\spec_documents_20260514_204108\opentitan\doc\security\specs\secure_boot\README.md","15370"
"doc","D:\MyWork\verilog\dbs\opentitan\doc\security\threat_model\README.md","D:\MyWork\verilog\out\spec_documents_20260514_204108\opentitan\doc\security\threat_model\README.md","3638"
"doc","D:\MyWork\verilog\dbs\opentitan\doc\use_cases\README.md","D:\MyWork\verilog\out\spec_documents_20260514_204108\opentitan\doc\use_cases\README.md","697"
"doc","D:\MyWork\verilog\dbs\opentitan\doc\use_cases\platform_integrity_module\README.md","D:\MyWork\verilog\out\spec_documents_20260514_204108\opentitan\doc\use_cases\platform_integrity_module\README.md","6609"
"doc","D:\MyWork\verilog\dbs\opentitan\doc\use_cases\tpm\README.md","D:\MyWork\verilog\out\spec_documents_20260514_204108\opentitan\doc\use_cases\tpm\README.md","5353"
"doc","D:\MyWork\verilog\dbs\opentitan\doc\use_cases\u2f\README.md","D:\MyWork\verilog\out\spec_documents_20260514_204108\opentitan\doc\use_cases\u2f\README.md","4600"
"hjson_spec","D:\MyWork\verilog\dbs\opentitan\hw\data\common_project_cfg.hjson","D:\MyWork\verilog\out\spec_documents_20260514_204108\opentitan\hw\data\common_project_cfg.hjson","1749"
"doc","D:\MyWork\verilog\dbs\opentitan\hw\doc\cores.md","D:\MyWork\verilog\out\spec_documents_20260514_204108\opentitan\hw\doc\cores.md","442"
"doc","D:\MyWork\verilog\dbs\opentitan\hw\dv\doc\dv_doc_template.md","D:\MyWork\verilog\out\spec_documents_20260514_204108\opentitan\hw\dv\doc\dv_doc_template.md","5378"
"hjson_spec","D:\MyWork\verilog\dbs\opentitan\hw\dv\sv\alert_esc_agent\data\alert_agent_additional_testplan.hjson","D:\MyWork\verilog\out\spec_documents_20260514_204108\opentitan\hw\dv\sv\alert_esc_agent\data\alert_agent_additional_testplan.hjson","885"
"hjson_spec","D:\MyWork\verilog\dbs\opentitan\hw\dv\sv\alert_esc_agent\data\alert_agent_basic_testplan.hjson","D:\MyWork\verilog\out\spec_documents_20260514_204108\opentitan\hw\dv\sv\alert_esc_agent\data\alert_agent_basic_testplan.hjson","383"
"hjson_spec","D:\MyWork\verilog\dbs\opentitan\hw\dv\sv\alert_esc_agent\data\esc_agent_additional_testplan.hjson","D:\MyWork\verilog\out\spec_documents_20260514_204108\opentitan\hw\dv\sv\alert_esc_agent\data\esc_agent_additional_testplan.hjson","519"
"hjson_spec","D:\MyWork\verilog\dbs\opentitan\hw\dv\sv\alert_esc_agent\data\esc_agent_basic_testplan.hjson","D:\MyWork\verilog\out\spec_documents_20260514_204108\opentitan\hw\dv\sv\alert_esc_agent\data\esc_agent_basic_testplan.hjson","391"
"hjson_spec","D:\MyWork\verilog\dbs\opentitan\hw\dv\sv\mem_bkdr_scb\data\mem_access_testplan.hjson","D:\MyWork\verilog\out\spec_documents_20260514_204108\opentitan\hw\dv\sv\mem_bkdr_scb\data\mem_access_testplan.hjson","645"
"readme","D:\MyWork\verilog\dbs\opentitan\hw\ip\adc_ctrl\README.md","D:\MyWork\verilog\out\spec_documents_20260514_204108\opentitan\hw\ip\adc_ctrl\README.md","2072"
"hjson_spec","D:\MyWork\verilog\dbs\opentitan\hw\ip\adc_ctrl\data\adc_ctrl.hjson","D:\MyWork\verilog\out\spec_documents_20260514_204108\opentitan\hw\ip\adc_ctrl\data\adc_ctrl.hjson","17012"
"hjson_spec","D:\MyWork\verilog\dbs\opentitan\hw\ip\adc_ctrl\data\adc_ctrl_sec_cm_testplan.hjson","D:\MyWork\verilog\out\spec_documents_20260514_204108\opentitan\hw\ip\adc_ctrl\data\adc_ctrl_sec_cm_testplan.hjson","1377"
"hjson_spec","D:\MyWork\verilog\dbs\opentitan\hw\ip\adc_ctrl\data\adc_ctrl_testplan.hjson","D:\MyWork\verilog\out\spec_documents_20260514_204108\opentitan\hw\ip\adc_ctrl\data\adc_ctrl_testplan.hjson","8352"
"doc","D:\MyWork\verilog\dbs\opentitan\hw\ip\adc_ctrl\doc\checklist.md","D:\MyWork\verilog\out\spec_documents_20260514_204108\opentitan\hw\ip\adc_ctrl\doc\checklist.md","20609"
"doc","D:\MyWork\verilog\dbs\opentitan\hw\ip\adc_ctrl\doc\interfaces.md","D:\MyWork\verilog\out\spec_documents_20260514_204108\opentitan\hw\ip\adc_ctrl\doc\interfaces.md","1871"
"doc","D:\MyWork\verilog\dbs\opentitan\hw\ip\adc_ctrl\doc\programmers_guide.md","D:\MyWork\verilog\out\spec_documents_20260514_204108\opentitan\hw\ip\adc_ctrl\doc\programmers_guide.md","7398"
"doc","D:\MyWork\verilog\dbs\opentitan\hw\ip\adc_ctrl\doc\registers.md","D:\MyWork\verilog\out\spec_documents_20260514_204108\opentitan\hw\ip\adc_ctrl\doc\registers.md","27215"
"doc","D:\MyWork\verilog\dbs\opentitan\hw\ip\adc_ctrl\doc\theory_of_operation.md","D:\MyWork\verilog\out\spec_documents_20260514_204108\opentitan\hw\ip\adc_ctrl\doc\theory_of_operation.md","10896"
"readme","D:\MyWork\verilog\dbs\opentitan\hw\ip\aes\README.md","D:\MyWork\verilog\out\spec_documents_20260514_204108\opentitan\hw\ip\aes\README.md","6865"
"hjson_spec","D:\MyWork\verilog\dbs\opentitan\hw\ip\aes\data\aes.hjson","D:\MyWork\verilog\out\spec_documents_20260514_204108\opentitan\hw\ip\aes\data\aes.hjson","46429"
"hjson_spec","D:\MyWork\verilog\dbs\opentitan\hw\ip\aes\data\aes_sec_cm_testplan.hjson","D:\MyWork\verilog\out\spec_documents_20260514_204108\opentitan\hw\ip\aes\data\aes_sec_cm_testplan.hjson","12723"
"hjson_spec","D:\MyWork\verilog\dbs\opentitan\hw\ip\aes\data\aes_testplan.hjson","D:\MyWork\verilog\out\spec_documents_20260514_204108\opentitan\hw\ip\aes\data\aes_testplan.hjson","10936"
"doc","D:\MyWork\verilog\dbs\opentitan\hw\ip\aes\doc\checklist.md","D:\MyWork\verilog\out\spec_documents_20260514_204108\opentitan\hw\ip\aes\doc\checklist.md","20471"
"doc","D:\MyWork\verilog\dbs\opentitan\hw\ip\aes\doc\interfaces.md","D:\MyWork\verilog\out\spec_documents_20260514_204108\opentitan\hw\ip\aes\doc\interfaces.md","14197"
"doc","D:\MyWork\verilog\dbs\opentitan\hw\ip\aes\doc\programmers_guide.md","D:\MyWork\verilog\out\spec_documents_20260514_204108\opentitan\hw\ip\aes\doc\programmers_guide.md","21866"
"doc","D:\MyWork\verilog\dbs\opentitan\hw\ip\aes\doc\registers.md","D:\MyWork\verilog\out\spec_documents_20260514_204108\opentitan\hw\ip\aes\doc\registers.md","38359"
"doc","D:\MyWork\verilog\dbs\opentitan\hw\ip\aes\doc\theory_of_operation.md","D:\MyWork\verilog\out\spec_documents_20260514_204108\opentitan\hw\ip\aes\doc\theory_of_operation.md","45160"
"readme","D:\MyWork\verilog\dbs\opentitan\hw\ip\aon_timer\README.md","D:\MyWork\verilog\out\spec_documents_20260514_204108\opentitan\hw\ip\aon_timer\README.md","6089"
"hjson_spec","D:\MyWork\verilog\dbs\opentitan\hw\ip\aon_timer\data\aon_timer.hjson","D:\MyWork\verilog\out\spec_documents_20260514_204108\opentitan\hw\ip\aon_timer\data\aon_timer.hjson","11024"
"hjson_spec","D:\MyWork\verilog\dbs\opentitan\hw\ip\aon_timer\data\aon_timer_sec_cm_testplan.hjson","D:\MyWork\verilog\out\spec_documents_20260514_204108\opentitan\hw\ip\aon_timer\data\aon_timer_sec_cm_testplan.hjson","1382"
"hjson_spec","D:\MyWork\verilog\dbs\opentitan\hw\ip\aon_timer\data\aon_timer_testplan.hjson","D:\MyWork\verilog\out\spec_documents_20260514_204108\opentitan\hw\ip\aon_timer\data\aon_timer_testplan.hjson","5447"
"doc","D:\MyWork\verilog\dbs\opentitan\hw\ip\aon_timer\doc\checklist.md","D:\MyWork\verilog\out\spec_documents_20260514_204108\opentitan\hw\ip\aon_timer\doc\checklist.md","20838"
"doc","D:\MyWork\verilog\dbs\opentitan\hw\ip\aon_timer\doc\interfaces.md","D:\MyWork\verilog\out\spec_documents_20260514_204108\opentitan\hw\ip\aon_timer\doc\interfaces.md","3812"
"doc","D:\MyWork\verilog\dbs\opentitan\hw\ip\aon_timer\doc\programmers_guide.md","D:\MyWork\verilog\out\spec_documents_20260514_204108\opentitan\hw\ip\aon_timer\doc\programmers_guide.md","5356"
"doc","D:\MyWork\verilog\dbs\opentitan\hw\ip\aon_timer\doc\registers.md","D:\MyWork\verilog\out\spec_documents_20260514_204108\opentitan\hw\ip\aon_timer\doc\registers.md","12191"
"doc","D:\MyWork\verilog\dbs\opentitan\hw\ip\aon_timer\doc\theory_of_operation.md","D:\MyWork\verilog\out\spec_documents_20260514_204108\opentitan\hw\ip\aon_timer\doc\theory_of_operation.md","2589"
"readme","D:\MyWork\verilog\dbs\opentitan\hw\ip\ascon\README.md","D:\MyWork\verilog\out\spec_documents_20260514_204108\opentitan\hw\ip\ascon\README.md","5134"
"hjson_spec","D:\MyWork\verilog\dbs\opentitan\hw\ip\ascon\data\ascon.hjson","D:\MyWork\verilog\out\spec_documents_20260514_204108\opentitan\hw\ip\ascon\data\ascon.hjson","29421"
"doc","D:\MyWork\verilog\dbs\opentitan\hw\ip\ascon\doc\background.md","D:\MyWork\verilog\out\spec_documents_20260514_204108\opentitan\hw\ip\ascon\doc\background.md","6307"
"doc","D:\MyWork\verilog\dbs\opentitan\hw\ip\ascon\doc\checklist.md","D:\MyWork\verilog\out\spec_documents_20260514_204108\opentitan\hw\ip\ascon\doc\checklist.md","19209"
"doc","D:\MyWork\verilog\dbs\opentitan\hw\ip\ascon\doc\interfaces.md","D:\MyWork\verilog\out\spec_documents_20260514_204108\opentitan\hw\ip\ascon\doc\interfaces.md","3327"
"doc","D:\MyWork\verilog\dbs\opentitan\hw\ip\ascon\doc\programmers_guide.md","D:\MyWork\verilog\out\spec_documents_20260514_204108\opentitan\hw\ip\ascon\doc\programmers_guide.md","5978"
"doc","D:\MyWork\verilog\dbs\opentitan\hw\ip\ascon\doc\registers.md","D:\MyWork\verilog\out\spec_documents_20260514_204108\opentitan\hw\ip\ascon\doc\registers.md","41113"
"doc","D:\MyWork\verilog\dbs\opentitan\hw\ip\ascon\doc\theory_of_operation.md","D:\MyWork\verilog\out\spec_documents_20260514_204108\opentitan\hw\ip\ascon\doc\theory_of_operation.md","10951"
"readme","D:\MyWork\verilog\dbs\opentitan\hw\ip\csrng\README.md","D:\MyWork\verilog\out\spec_documents_20260514_204108\opentitan\hw\ip\csrng\README.md","11448"
"hjson_spec","D:\MyWork\verilog\dbs\opentitan\hw\ip\csrng\data\csrng.hjson","D:\MyWork\verilog\out\spec_documents_20260514_204108\opentitan\hw\ip\csrng\data\csrng.hjson","34903"
"hjson_spec","D:\MyWork\verilog\dbs\opentitan\hw\ip\csrng\data\csrng_sec_cm_testplan.hjson","D:\MyWork\verilog\out\spec_documents_20260514_204108\opentitan\hw\ip\csrng\data\csrng_sec_cm_testplan.hjson","11573"
"hjson_spec","D:\MyWork\verilog\dbs\opentitan\hw\ip\csrng\data\csrng_testplan.hjson","D:\MyWork\verilog\out\spec_documents_20260514_204108\opentitan\hw\ip\csrng\data\csrng_testplan.hjson","8723"
"doc","D:\MyWork\verilog\dbs\opentitan\hw\ip\csrng\doc\checklist.md","D:\MyWork\verilog\out\spec_documents_20260514_204108\opentitan\hw\ip\csrng\doc\checklist.md","20656"
"doc","D:\MyWork\verilog\dbs\opentitan\hw\ip\csrng\doc\interfaces.md","D:\MyWork\verilog\out\spec_documents_20260514_204108\opentitan\hw\ip\csrng\doc\interfaces.md","10794"
"doc","D:\MyWork\verilog\dbs\opentitan\hw\ip\csrng\doc\programmers_guide.md","D:\MyWork\verilog\out\spec_documents_20260514_204108\opentitan\hw\ip\csrng\doc\programmers_guide.md","7564"
"doc","D:\MyWork\verilog\dbs\opentitan\hw\ip\csrng\doc\registers.md","D:\MyWork\verilog\out\spec_documents_20260514_204108\opentitan\hw\ip\csrng\doc\registers.md","42180"
"doc","D:\MyWork\verilog\dbs\opentitan\hw\ip\csrng\doc\theory_of_operation.md","D:\MyWork\verilog\out\spec_documents_20260514_204108\opentitan\hw\ip\csrng\doc\theory_of_operation.md","23676"
"readme","D:\MyWork\verilog\dbs\opentitan\hw\ip\dma\README.md","D:\MyWork\verilog\out\spec_documents_20260514_204108\opentitan\hw\ip\dma\README.md","5322"
"hjson_spec","D:\MyWork\verilog\dbs\opentitan\hw\ip\dma\data\dma.hjson","D:\MyWork\verilog\out\spec_documents_20260514_204108\opentitan\hw\ip\dma\data\dma.hjson","29244"
"hjson_spec","D:\MyWork\verilog\dbs\opentitan\hw\ip\dma\data\dma_sec_cm_testplan.hjson","D:\MyWork\verilog\out\spec_documents_20260514_204108\opentitan\hw\ip\dma\data\dma_sec_cm_testplan.hjson","1787"
"hjson_spec","D:\MyWork\verilog\dbs\opentitan\hw\ip\dma\data\dma_testplan.hjson","D:\MyWork\verilog\out\spec_documents_20260514_204108\opentitan\hw\ip\dma\data\dma_testplan.hjson","20759"
"doc","D:\MyWork\verilog\dbs\opentitan\hw\ip\dma\doc\checklist.md","D:\MyWork\verilog\out\spec_documents_20260514_204108\opentitan\hw\ip\dma\doc\checklist.md","20522"
"doc","D:\MyWork\verilog\dbs\opentitan\hw\ip\dma\doc\interfaces.md","D:\MyWork\verilog\out\spec_documents_20260514_204108\opentitan\hw\ip\dma\doc\interfaces.md","4290"
"doc","D:\MyWork\verilog\dbs\opentitan\hw\ip\dma\doc\programmers_guide.md","D:\MyWork\verilog\out\spec_documents_20260514_204108\opentitan\hw\ip\dma\doc\programmers_guide.md","10251"
"doc","D:\MyWork\verilog\dbs\opentitan\hw\ip\dma\doc\registers.md","D:\MyWork\verilog\out\spec_documents_20260514_204108\opentitan\hw\ip\dma\doc\registers.md","54250"
"doc","D:\MyWork\verilog\dbs\opentitan\hw\ip\dma\doc\theory_of_operation.md","D:\MyWork\verilog\out\spec_documents_20260514_204108\opentitan\hw\ip\dma\doc\theory_of_operation.md","25385"
"readme","D:\MyWork\verilog\dbs\opentitan\hw\ip\edn\README.md","D:\MyWork\verilog\out\spec_documents_20260514_204108\opentitan\hw\ip\edn\README.md","8726"
"hjson_spec","D:\MyWork\verilog\dbs\opentitan\hw\ip\edn\data\edn.hjson","D:\MyWork\verilog\out\spec_documents_20260514_204108\opentitan\hw\ip\edn\data\edn.hjson","29129"
"hjson_spec","D:\MyWork\verilog\dbs\opentitan\hw\ip\edn\data\edn_sec_cm_testplan.hjson","D:\MyWork\verilog\out\spec_documents_20260514_204108\opentitan\hw\ip\edn\data\edn_sec_cm_testplan.hjson","3679"
"hjson_spec","D:\MyWork\verilog\dbs\opentitan\hw\ip\edn\data\edn_testplan.hjson","D:\MyWork\verilog\out\spec_documents_20260514_204108\opentitan\hw\ip\edn\data\edn_testplan.hjson","5059"
"doc","D:\MyWork\verilog\dbs\opentitan\hw\ip\edn\doc\checklist.md","D:\MyWork\verilog\out\spec_documents_20260514_204108\opentitan\hw\ip\edn\doc\checklist.md","20707"
"doc","D:\MyWork\verilog\dbs\opentitan\hw\ip\edn\doc\interfaces.md","D:\MyWork\verilog\out\spec_documents_20260514_204108\opentitan\hw\ip\edn\doc\interfaces.md","3948"
"doc","D:\MyWork\verilog\dbs\opentitan\hw\ip\edn\doc\programmers_guide.md","D:\MyWork\verilog\out\spec_documents_20260514_204108\opentitan\hw\ip\edn\doc\programmers_guide.md","6308"
"doc","D:\MyWork\verilog\dbs\opentitan\hw\ip\edn\doc\registers.md","D:\MyWork\verilog\out\spec_documents_20260514_204108\opentitan\hw\ip\edn\doc\registers.md","32897"
"doc","D:\MyWork\verilog\dbs\opentitan\hw\ip\edn\doc\theory_of_operation.md","D:\MyWork\verilog\out\spec_documents_20260514_204108\opentitan\hw\ip\edn\doc\theory_of_operation.md","14570"
"readme","D:\MyWork\verilog\dbs\opentitan\hw\ip\entropy_src\README.md","D:\MyWork\verilog\out\spec_documents_20260514_204108\opentitan\hw\ip\entropy_src\README.md","9881"
"hjson_spec","D:\MyWork\verilog\dbs\opentitan\hw\ip\entropy_src\data\entropy_src.hjson","D:\MyWork\verilog\out\spec_documents_20260514_204108\opentitan\hw\ip\entropy_src\data\entropy_src.hjson","75805"
"hjson_spec","D:\MyWork\verilog\dbs\opentitan\hw\ip\entropy_src\data\entropy_src_sec_cm_testplan.hjson","D:\MyWork\verilog\out\spec_documents_20260514_204108\opentitan\hw\ip\entropy_src\data\entropy_src_sec_cm_testplan.hjson","7014"
"hjson_spec","D:\MyWork\verilog\dbs\opentitan\hw\ip\entropy_src\data\entropy_src_testplan.hjson","D:\MyWork\verilog\out\spec_documents_20260514_204108\opentitan\hw\ip\entropy_src\data\entropy_src_testplan.hjson","19730"
"doc","D:\MyWork\verilog\dbs\opentitan\hw\ip\entropy_src\doc\checklist.md","D:\MyWork\verilog\out\spec_documents_20260514_204108\opentitan\hw\ip\entropy_src\doc\checklist.md","20632"
"doc","D:\MyWork\verilog\dbs\opentitan\hw\ip\entropy_src\doc\interfaces.md","D:\MyWork\verilog\out\spec_documents_20260514_204108\opentitan\hw\ip\entropy_src\doc\interfaces.md","11596"
"doc","D:\MyWork\verilog\dbs\opentitan\hw\ip\entropy_src\doc\programmers_guide.md","D:\MyWork\verilog\out\spec_documents_20260514_204108\opentitan\hw\ip\entropy_src\doc\programmers_guide.md","8939"
"doc","D:\MyWork\verilog\dbs\opentitan\hw\ip\entropy_src\doc\registers.md","D:\MyWork\verilog\out\spec_documents_20260514_204108\opentitan\hw\ip\entropy_src\doc\registers.md","92040"
"doc","D:\MyWork\verilog\dbs\opentitan\hw\ip\entropy_src\doc\theory_of_operation.md","D:\MyWork\verilog\out\spec_documents_20260514_204108\opentitan\hw\ip\entropy_src\doc\theory_of_operation.md","29623"
"readme","D:\MyWork\verilog\dbs\opentitan\hw\ip\hmac\README.md","D:\MyWork\verilog\out\spec_documents_20260514_204108\opentitan\hw\ip\hmac\README.md","5380"
"hjson_spec","D:\MyWork\verilog\dbs\opentitan\hw\ip\hmac\data\hmac.hjson","D:\MyWork\verilog\out\spec_documents_20260514_204108\opentitan\hw\ip\hmac\data\hmac.hjson","22005"
"hjson_spec","D:\MyWork\verilog\dbs\opentitan\hw\ip\hmac\data\hmac_sec_cm_testplan.hjson","D:\MyWork\verilog\out\spec_documents_20260514_204108\opentitan\hw\ip\hmac\data\hmac_sec_cm_testplan.hjson","1357"
"hjson_spec","D:\MyWork\verilog\dbs\opentitan\hw\ip\hmac\data\hmac_testplan.hjson","D:\MyWork\verilog\out\spec_documents_20260514_204108\opentitan\hw\ip\hmac\data\hmac_testplan.hjson","9066"
"doc","D:\MyWork\verilog\dbs\opentitan\hw\ip\hmac\doc\checklist.md","D:\MyWork\verilog\out\spec_documents_20260514_204108\opentitan\hw\ip\hmac\doc\checklist.md","21694"
"doc","D:\MyWork\verilog\dbs\opentitan\hw\ip\hmac\doc\interfaces.md","D:\MyWork\verilog\out\spec_documents_20260514_204108\opentitan\hw\ip\hmac\doc\interfaces.md","5206"
"doc","D:\MyWork\verilog\dbs\opentitan\hw\ip\hmac\doc\programmers_guide.md","D:\MyWork\verilog\out\spec_documents_20260514_204108\opentitan\hw\ip\hmac\doc\programmers_guide.md","11168"
"doc","D:\MyWork\verilog\dbs\opentitan\hw\ip\hmac\doc\registers.md","D:\MyWork\verilog\out\spec_documents_20260514_204108\opentitan\hw\ip\hmac\doc\registers.md","34152"
"doc","D:\MyWork\verilog\dbs\opentitan\hw\ip\hmac\doc\theory_of_operation.md","D:\MyWork\verilog\out\spec_documents_20260514_204108\opentitan\hw\ip\hmac\doc\theory_of_operation.md","11976"
"readme","D:\MyWork\verilog\dbs\opentitan\hw\ip\i2c\README.md","D:\MyWork\verilog\out\spec_documents_20260514_204108\opentitan\hw\ip\i2c\README.md","7765"
"hjson_spec","D:\MyWork\verilog\dbs\opentitan\hw\ip\i2c\data\i2c.hjson","D:\MyWork\verilog\out\spec_documents_20260514_204108\opentitan\hw\ip\i2c\data\i2c.hjson","46274"
"hjson_spec","D:\MyWork\verilog\dbs\opentitan\hw\ip\i2c\data\i2c_sec_cm_testplan.hjson","D:\MyWork\verilog\out\spec_documents_20260514_204108\opentitan\hw\ip\i2c\data\i2c_sec_cm_testplan.hjson","1352"
"hjson_spec","D:\MyWork\verilog\dbs\opentitan\hw\ip\i2c\data\i2c_testplan.hjson","D:\MyWork\verilog\out\spec_documents_20260514_204108\opentitan\hw\ip\i2c\data\i2c_testplan.hjson","49430"
"doc","D:\MyWork\verilog\dbs\opentitan\hw\ip\i2c\doc\checklist.md","D:\MyWork\verilog\out\spec_documents_20260514_204108\opentitan\hw\ip\i2c\doc\checklist.md","21140"
"doc","D:\MyWork\verilog\dbs\opentitan\hw\ip\i2c\doc\interfaces.md","D:\MyWork\verilog\out\spec_documents_20260514_204108\opentitan\hw\ip\i2c\doc\interfaces.md","8891"
"doc","D:\MyWork\verilog\dbs\opentitan\hw\ip\i2c\doc\programmers_guide.md","D:\MyWork\verilog\out\spec_documents_20260514_204108\opentitan\hw\ip\i2c\doc\programmers_guide.md","12781"
"doc","D:\MyWork\verilog\dbs\opentitan\hw\ip\i2c\doc\registers.md","D:\MyWork\verilog\out\spec_documents_20260514_204108\opentitan\hw\ip\i2c\doc\registers.md","72540"
"doc","D:\MyWork\verilog\dbs\opentitan\hw\ip\i2c\doc\theory_of_operation.md","D:\MyWork\verilog\out\spec_documents_20260514_204108\opentitan\hw\ip\i2c\doc\theory_of_operation.md","48420"
"readme","D:\MyWork\verilog\dbs\opentitan\hw\ip\keymgr\README.md","D:\MyWork\verilog\out\spec_documents_20260514_204108\opentitan\hw\ip\keymgr\README.md","1625"
"hjson_spec","D:\MyWork\verilog\dbs\opentitan\hw\ip\keymgr\data\keymgr.hjson","D:\MyWork\verilog\out\spec_documents_20260514_204108\opentitan\hw\ip\keymgr\data\keymgr.hjson","40799"
"hjson_spec","D:\MyWork\verilog\dbs\opentitan\hw\ip\keymgr\data\keymgr_sec_cm_testplan.hjson","D:\MyWork\verilog\out\spec_documents_20260514_204108\opentitan\hw\ip\keymgr\data\keymgr_sec_cm_testplan.hjson","8677"
"hjson_spec","D:\MyWork\verilog\dbs\opentitan\hw\ip\keymgr\data\keymgr_testplan.hjson","D:\MyWork\verilog\out\spec_documents_20260514_204108\opentitan\hw\ip\keymgr\data\keymgr_testplan.hjson","11320"
"doc","D:\MyWork\verilog\dbs\opentitan\hw\ip\keymgr\doc\checklist.md","D:\MyWork\verilog\out\spec_documents_20260514_204108\opentitan\hw\ip\keymgr\doc\checklist.md","20787"
"doc","D:\MyWork\verilog\dbs\opentitan\hw\ip\keymgr\doc\interfaces.md","D:\MyWork\verilog\out\spec_documents_20260514_204108\opentitan\hw\ip\keymgr\doc\interfaces.md","24421"
"doc","D:\MyWork\verilog\dbs\opentitan\hw\ip\keymgr\doc\programmers_guide.md","D:\MyWork\verilog\out\spec_documents_20260514_204108\opentitan\hw\ip\keymgr\doc\programmers_guide.md","1488"
"doc","D:\MyWork\verilog\dbs\opentitan\hw\ip\keymgr\doc\registers.md","D:\MyWork\verilog\out\spec_documents_20260514_204108\opentitan\hw\ip\keymgr\doc\registers.md","46949"
"doc","D:\MyWork\verilog\dbs\opentitan\hw\ip\keymgr\doc\theory_of_operation.md","D:\MyWork\verilog\out\spec_documents_20260514_204108\opentitan\hw\ip\keymgr\doc\theory_of_operation.md","29895"
"readme","D:\MyWork\verilog\dbs\opentitan\hw\ip\keymgr_dpe\README.md","D:\MyWork\verilog\out\spec_documents_20260514_204108\opentitan\hw\ip\keymgr_dpe\README.md","19"
"hjson_spec","D:\MyWork\verilog\dbs\opentitan\hw\ip\keymgr_dpe\data\keymgr_dpe.hjson","D:\MyWork\verilog\out\spec_documents_20260514_204108\opentitan\hw\ip\keymgr_dpe\data\keymgr_dpe.hjson","35521"
"hjson_spec","D:\MyWork\verilog\dbs\opentitan\hw\ip\keymgr_dpe\data\keymgr_dpe_sec_cm_testplan.hjson","D:\MyWork\verilog\out\spec_documents_20260514_204108\opentitan\hw\ip\keymgr_dpe\data\keymgr_dpe_sec_cm_testplan.hjson","5109"
"hjson_spec","D:\MyWork\verilog\dbs\opentitan\hw\ip\keymgr_dpe\data\keymgr_dpe_testplan.hjson","D:\MyWork\verilog\out\spec_documents_20260514_204108\opentitan\hw\ip\keymgr_dpe\data\keymgr_dpe_testplan.hjson","2281"
"doc","D:\MyWork\verilog\dbs\opentitan\hw\ip\keymgr_dpe\doc\checklist.md","D:\MyWork\verilog\out\spec_documents_20260514_204108\opentitan\hw\ip\keymgr_dpe\doc\checklist.md","19151"
"doc","D:\MyWork\verilog\dbs\opentitan\hw\ip\keymgr_dpe\doc\interfaces.md","D:\MyWork\verilog\out\spec_documents_20260514_204108\opentitan\hw\ip\keymgr_dpe\doc\interfaces.md","24445"
"doc","D:\MyWork\verilog\dbs\opentitan\hw\ip\keymgr_dpe\doc\programmers_guide.md","D:\MyWork\verilog\out\spec_documents_20260514_204108\opentitan\hw\ip\keymgr_dpe\doc\programmers_guide.md","4894"
"doc","D:\MyWork\verilog\dbs\opentitan\hw\ip\keymgr_dpe\doc\registers.md","D:\MyWork\verilog\out\spec_documents_20260514_204108\opentitan\hw\ip\keymgr_dpe\doc\registers.md","43614"
"doc","D:\MyWork\verilog\dbs\opentitan\hw\ip\keymgr_dpe\doc\theory_of_operation.md","D:\MyWork\verilog\out\spec_documents_20260514_204108\opentitan\hw\ip\keymgr_dpe\doc\theory_of_operation.md","18718"
"readme","D:\MyWork\verilog\dbs\opentitan\hw\ip\kmac\README.md","D:\MyWork\verilog\out\spec_documents_20260514_204108\opentitan\hw\ip\kmac\README.md","3903"
"hjson_spec","D:\MyWork\verilog\dbs\opentitan\hw\ip\kmac\data\kmac.hjson","D:\MyWork\verilog\out\spec_documents_20260514_204108\opentitan\hw\ip\kmac\data\kmac.hjson","41807"
"hjson_spec","D:\MyWork\verilog\dbs\opentitan\hw\ip\kmac\data\kmac_sec_cm_testplan.hjson","D:\MyWork\verilog\out\spec_documents_20260514_204108\opentitan\hw\ip\kmac\data\kmac_sec_cm_testplan.hjson","3488"
"hjson_spec","D:\MyWork\verilog\dbs\opentitan\hw\ip\kmac\data\kmac_testplan.hjson","D:\MyWork\verilog\out\spec_documents_20260514_204108\opentitan\hw\ip\kmac\data\kmac_testplan.hjson","19091"
"doc","D:\MyWork\verilog\dbs\opentitan\hw\ip\kmac\doc\checklist.md","D:\MyWork\verilog\out\spec_documents_20260514_204108\opentitan\hw\ip\kmac\doc\checklist.md","20347"
"doc","D:\MyWork\verilog\dbs\opentitan\hw\ip\kmac\doc\interfaces.md","D:\MyWork\verilog\out\spec_documents_20260514_204108\opentitan\hw\ip\kmac\doc\interfaces.md","8837"
"doc","D:\MyWork\verilog\dbs\opentitan\hw\ip\kmac\doc\programmers_guide.md","D:\MyWork\verilog\out\spec_documents_20260514_204108\opentitan\hw\ip\kmac\doc\programmers_guide.md","15778"
"doc","D:\MyWork\verilog\dbs\opentitan\hw\ip\kmac\doc\registers.md","D:\MyWork\verilog\out\spec_documents_20260514_204108\opentitan\hw\ip\kmac\doc\registers.md","53398"
"doc","D:\MyWork\verilog\dbs\opentitan\hw\ip\kmac\doc\theory_of_operation.md","D:\MyWork\verilog\out\spec_documents_20260514_204108\opentitan\hw\ip\kmac\doc\theory_of_operation.md","24893"
"readme","D:\MyWork\verilog\dbs\opentitan\hw\ip\lc_ctrl\README.md","D:\MyWork\verilog\out\spec_documents_20260514_204108\opentitan\hw\ip\lc_ctrl\README.md","4663"
"hjson_spec","D:\MyWork\verilog\dbs\opentitan\hw\ip\lc_ctrl\data\lc_ctrl.hjson","D:\MyWork\verilog\out\spec_documents_20260514_204108\opentitan\hw\ip\lc_ctrl\data\lc_ctrl.hjson","59708"
"hjson_spec","D:\MyWork\verilog\dbs\opentitan\hw\ip\lc_ctrl\data\lc_ctrl_sec_cm_testplan.hjson","D:\MyWork\verilog\out\spec_documents_20260514_204108\opentitan\hw\ip\lc_ctrl\data\lc_ctrl_sec_cm_testplan.hjson","9675"
"hjson_spec","D:\MyWork\verilog\dbs\opentitan\hw\ip\lc_ctrl\data\lc_ctrl_state.hjson","D:\MyWork\verilog\out\spec_documents_20260514_204108\opentitan\hw\ip\lc_ctrl\data\lc_ctrl_state.hjson","10394"
"hjson_spec","D:\MyWork\verilog\dbs\opentitan\hw\ip\lc_ctrl\data\lc_ctrl_testplan.hjson","D:\MyWork\verilog\out\spec_documents_20260514_204108\opentitan\hw\ip\lc_ctrl\data\lc_ctrl_testplan.hjson","9363"
"doc","D:\MyWork\verilog\dbs\opentitan\hw\ip\lc_ctrl\doc\checklist.md","D:\MyWork\verilog\out\spec_documents_20260514_204108\opentitan\hw\ip\lc_ctrl\doc\checklist.md","21195"
"doc","D:\MyWork\verilog\dbs\opentitan\hw\ip\lc_ctrl\doc\interfaces.md","D:\MyWork\verilog\out\spec_documents_20260514_204108\opentitan\hw\ip\lc_ctrl\doc\interfaces.md","43625"
"doc","D:\MyWork\verilog\dbs\opentitan\hw\ip\lc_ctrl\doc\lc_ctrl_access_signals_table.md","D:\MyWork\verilog\out\spec_documents_20260514_204108\opentitan\hw\ip\lc_ctrl\doc\lc_ctrl_access_signals_table.md","2022"
"doc","D:\MyWork\verilog\dbs\opentitan\hw\ip\lc_ctrl\doc\lc_ctrl_counter_table.md","D:\MyWork\verilog\out\spec_documents_20260514_204108\opentitan\hw\ip\lc_ctrl\doc\lc_ctrl_counter_table.md","6591"
"doc","D:\MyWork\verilog\dbs\opentitan\hw\ip\lc_ctrl\doc\lc_ctrl_encoding_table.md","D:\MyWork\verilog\out\spec_documents_20260514_204108\opentitan\hw\ip\lc_ctrl\doc\lc_ctrl_encoding_table.md","20881"
"doc","D:\MyWork\verilog\dbs\opentitan\hw\ip\lc_ctrl\doc\lc_ctrl_flash_accessibility.md","D:\MyWork\verilog\out\spec_documents_20260514_204108\opentitan\hw\ip\lc_ctrl\doc\lc_ctrl_flash_accessibility.md","697"
"doc","D:\MyWork\verilog\dbs\opentitan\hw\ip\lc_ctrl\doc\lc_ctrl_flash_collateral.md","D:\MyWork\verilog\out\spec_documents_20260514_204108\opentitan\hw\ip\lc_ctrl\doc\lc_ctrl_flash_collateral.md","434"
"doc","D:\MyWork\verilog\dbs\opentitan\hw\ip\lc_ctrl\doc\lc_ctrl_flash_partitions.md","D:\MyWork\verilog\out\spec_documents_20260514_204108\opentitan\hw\ip\lc_ctrl\doc\lc_ctrl_flash_partitions.md","306"
"doc","D:\MyWork\verilog\dbs\opentitan\hw\ip\lc_ctrl\doc\lc_ctrl_function_signals_table.md","D:\MyWork\verilog\out\spec_documents_20260514_204108\opentitan\hw\ip\lc_ctrl\doc\lc_ctrl_function_signals_table.md","2614"
"doc","D:\MyWork\verilog\dbs\opentitan\hw\ip\lc_ctrl\doc\lc_ctrl_otp_accessibility.md","D:\MyWork\verilog\out\spec_documents_20260514_204108\opentitan\hw\ip\lc_ctrl\doc\lc_ctrl_otp_accessibility.md","1399"
"doc","D:\MyWork\verilog\dbs\opentitan\hw\ip\lc_ctrl\doc\lc_ctrl_otp_collateral.md","D:\MyWork\verilog\out\spec_documents_20260514_204108\opentitan\hw\ip\lc_ctrl\doc\lc_ctrl_otp_collateral.md","1274"
"doc","D:\MyWork\verilog\dbs\opentitan\hw\ip\lc_ctrl\doc\programmers_guide.md","D:\MyWork\verilog\out\spec_documents_20260514_204108\opentitan\hw\ip\lc_ctrl\doc\programmers_guide.md","7264"
"doc","D:\MyWork\verilog\dbs\opentitan\hw\ip\lc_ctrl\doc\registers.md","D:\MyWork\verilog\out\spec_documents_20260514_204108\opentitan\hw\ip\lc_ctrl\doc\registers.md","39062"
"doc","D:\MyWork\verilog\dbs\opentitan\hw\ip\lc_ctrl\doc\theory_of_operation.md","D:\MyWork\verilog\out\spec_documents_20260514_204108\opentitan\hw\ip\lc_ctrl\doc\theory_of_operation.md","36824"
"readme","D:\MyWork\verilog\dbs\opentitan\hw\ip\mbx\README.md","D:\MyWork\verilog\out\spec_documents_20260514_204108\opentitan\hw\ip\mbx\README.md","2532"
"hjson_spec","D:\MyWork\verilog\dbs\opentitan\hw\ip\mbx\data\mbx.hjson","D:\MyWork\verilog\out\spec_documents_20260514_204108\opentitan\hw\ip\mbx\data\mbx.hjson","19477"
"hjson_spec","D:\MyWork\verilog\dbs\opentitan\hw\ip\mbx\data\mbx_sec_cm_testplan.hjson","D:\MyWork\verilog\out\spec_documents_20260514_204108\opentitan\hw\ip\mbx\data\mbx_sec_cm_testplan.hjson","1515"
"hjson_spec","D:\MyWork\verilog\dbs\opentitan\hw\ip\mbx\data\mbx_testplan.hjson","D:\MyWork\verilog\out\spec_documents_20260514_204108\opentitan\hw\ip\mbx\data\mbx_testplan.hjson","4039"
"doc","D:\MyWork\verilog\dbs\opentitan\hw\ip\mbx\doc\checklist.md","D:\MyWork\verilog\out\spec_documents_20260514_204108\opentitan\hw\ip\mbx\doc\checklist.md","20403"
"doc","D:\MyWork\verilog\dbs\opentitan\hw\ip\mbx\doc\DOE.md","D:\MyWork\verilog\out\spec_documents_20260514_204108\opentitan\hw\ip\mbx\doc\DOE.md","51501"
"doc","D:\MyWork\verilog\dbs\opentitan\hw\ip\mbx\doc\interfaces.md","D:\MyWork\verilog\out\spec_documents_20260514_204108\opentitan\hw\ip\mbx\doc\interfaces.md","4617"
"doc","D:\MyWork\verilog\dbs\opentitan\hw\ip\mbx\doc\programmers_guide.md","D:\MyWork\verilog\out\spec_documents_20260514_204108\opentitan\hw\ip\mbx\doc\programmers_guide.md","6022"
"doc","D:\MyWork\verilog\dbs\opentitan\hw\ip\mbx\doc\registers.md","D:\MyWork\verilog\out\spec_documents_20260514_204108\opentitan\hw\ip\mbx\doc\registers.md","32421"
"doc","D:\MyWork\verilog\dbs\opentitan\hw\ip\mbx\doc\theory_of_operation.md","D:\MyWork\verilog\out\spec_documents_20260514_204108\opentitan\hw\ip\mbx\doc\theory_of_operation.md","24215"
"readme","D:\MyWork\verilog\dbs\opentitan\hw\ip\otbn\README.md","D:\MyWork\verilog\out\spec_documents_20260514_204108\opentitan\hw\ip\otbn\README.md","42134"
"hjson_spec","D:\MyWork\verilog\dbs\opentitan\hw\ip\otbn\data\otbn.hjson","D:\MyWork\verilog\out\spec_documents_20260514_204108\opentitan\hw\ip\otbn\data\otbn.hjson","27645"
"hjson_spec","D:\MyWork\verilog\dbs\opentitan\hw\ip\otbn\data\otbn_sec_cm_testplan.hjson","D:\MyWork\verilog\out\spec_documents_20260514_204108\opentitan\hw\ip\otbn\data\otbn_sec_cm_testplan.hjson","15225"
"hjson_spec","D:\MyWork\verilog\dbs\opentitan\hw\ip\otbn\data\otbn_testplan.hjson","D:\MyWork\verilog\out\spec_documents_20260514_204108\opentitan\hw\ip\otbn\data\otbn_testplan.hjson","6353"
"doc","D:\MyWork\verilog\dbs\opentitan\hw\ip\otbn\doc\checklist.md","D:\MyWork\verilog\out\spec_documents_20260514_204108\opentitan\hw\ip\otbn\doc\checklist.md","21495"
"doc","D:\MyWork\verilog\dbs\opentitan\hw\ip\otbn\doc\developing_otbn.md","D:\MyWork\verilog\out\spec_documents_20260514_204108\opentitan\hw\ip\otbn\doc\developing_otbn.md","5510"
"doc","D:\MyWork\verilog\dbs\opentitan\hw\ip\otbn\doc\interfaces.md","D:\MyWork\verilog\out\spec_documents_20260514_204108\opentitan\hw\ip\otbn\doc\interfaces.md","20107"
"doc","D:\MyWork\verilog\dbs\opentitan\hw\ip\otbn\doc\isa.md","D:\MyWork\verilog\out\spec_documents_20260514_204108\opentitan\hw\ip\otbn\doc\isa.md","10044"
"doc","D:\MyWork\verilog\dbs\opentitan\hw\ip\otbn\doc\otbn_intro.md","D:\MyWork\verilog\out\spec_documents_20260514_204108\opentitan\hw\ip\otbn\doc\otbn_intro.md","23442"
"doc","D:\MyWork\verilog\dbs\opentitan\hw\ip\otbn\doc\programmers_guide.md","D:\MyWork\verilog\out\spec_documents_20260514_204108\opentitan\hw\ip\otbn\doc\programmers_guide.md","17880"
"doc","D:\MyWork\verilog\dbs\opentitan\hw\ip\otbn\doc\registers.md","D:\MyWork\verilog\out\spec_documents_20260514_204108\opentitan\hw\ip\otbn\doc\registers.md","17010"
"doc","D:\MyWork\verilog\dbs\opentitan\hw\ip\otbn\doc\theory_of_operation.md","D:\MyWork\verilog\out\spec_documents_20260514_204108\opentitan\hw\ip\otbn\doc\theory_of_operation.md","32061"
"doc","D:\MyWork\verilog\dbs\opentitan\hw\ip\otbn\dv\doc\fcov.md","D:\MyWork\verilog\out\spec_documents_20260514_204108\opentitan\hw\ip\otbn\dv\doc\fcov.md","63744"
"readme","D:\MyWork\verilog\dbs\opentitan\hw\ip\otp_macro\README.md","D:\MyWork\verilog\out\spec_documents_20260514_204108\opentitan\hw\ip\otp_macro\README.md","553"
"hjson_spec","D:\MyWork\verilog\dbs\opentitan\hw\ip\otp_macro\data\otp_macro.hjson","D:\MyWork\verilog\out\spec_documents_20260514_204108\opentitan\hw\ip\otp_macro\data\otp_macro.hjson","13416"
"hjson_spec","D:\MyWork\verilog\dbs\opentitan\hw\ip\otp_macro\data\otp_macro_sec_cm_testplan.hjson","D:\MyWork\verilog\out\spec_documents_20260514_204108\opentitan\hw\ip\otp_macro\data\otp_macro_sec_cm_testplan.hjson","2065"
"readme","D:\MyWork\verilog\dbs\opentitan\hw\ip\pattgen\README.md","D:\MyWork\verilog\out\spec_documents_20260514_204108\opentitan\hw\ip\pattgen\README.md","6788"
"hjson_spec","D:\MyWork\verilog\dbs\opentitan\hw\ip\pattgen\data\pattgen.hjson","D:\MyWork\verilog\out\spec_documents_20260514_204108\opentitan\hw\ip\pattgen\data\pattgen.hjson","10141"
"hjson_spec","D:\MyWork\verilog\dbs\opentitan\hw\ip\pattgen\data\pattgen_sec_cm_testplan.hjson","D:\MyWork\verilog\out\spec_documents_20260514_204108\opentitan\hw\ip\pattgen\data\pattgen_sec_cm_testplan.hjson","1372"
"hjson_spec","D:\MyWork\verilog\dbs\opentitan\hw\ip\pattgen\data\pattgen_testplan.hjson","D:\MyWork\verilog\out\spec_documents_20260514_204108\opentitan\hw\ip\pattgen\data\pattgen_testplan.hjson","9073"
"doc","D:\MyWork\verilog\dbs\opentitan\hw\ip\pattgen\doc\checklist.md","D:\MyWork\verilog\out\spec_documents_20260514_204108\opentitan\hw\ip\pattgen\doc\checklist.md","20549"
"doc","D:\MyWork\verilog\dbs\opentitan\hw\ip\pattgen\doc\interfaces.md","D:\MyWork\verilog\out\spec_documents_20260514_204108\opentitan\hw\ip\pattgen\doc\interfaces.md","2350"
"doc","D:\MyWork\verilog\dbs\opentitan\hw\ip\pattgen\doc\programmers_guide.md","D:\MyWork\verilog\out\spec_documents_20260514_204108\opentitan\hw\ip\pattgen\doc\programmers_guide.md","4677"
"doc","D:\MyWork\verilog\dbs\opentitan\hw\ip\pattgen\doc\registers.md","D:\MyWork\verilog\out\spec_documents_20260514_204108\opentitan\hw\ip\pattgen\doc\registers.md","14674"
"doc","D:\MyWork\verilog\dbs\opentitan\hw\ip\pattgen\doc\theory_of_operation.md","D:\MyWork\verilog\out\spec_documents_20260514_204108\opentitan\hw\ip\pattgen\doc\theory_of_operation.md","3972"
"readme","D:\MyWork\verilog\dbs\opentitan\hw\ip\prim\README.md","D:\MyWork\verilog\out\spec_documents_20260514_204108\opentitan\hw\ip\prim\README.md","24373"
"doc","D:\MyWork\verilog\dbs\opentitan\hw\ip\prim\doc\prim_flash.md","D:\MyWork\verilog\out\spec_documents_20260514_204108\opentitan\hw\ip\prim\doc\prim_flash.md","8810"
"doc","D:\MyWork\verilog\dbs\opentitan\hw\ip\prim\doc\prim_keccak.md","D:\MyWork\verilog\out\spec_documents_20260514_204108\opentitan\hw\ip\prim\doc\prim_keccak.md","4187"
"doc","D:\MyWork\verilog\dbs\opentitan\hw\ip\prim\doc\prim_lfsr.md","D:\MyWork\verilog\out\spec_documents_20260514_204108\opentitan\hw\ip\prim\doc\prim_lfsr.md","3961"
"doc","D:\MyWork\verilog\dbs\opentitan\hw\ip\prim\doc\prim_packer.md","D:\MyWork\verilog\out\spec_documents_20260514_204108\opentitan\hw\ip\prim\doc\prim_packer.md","4572"
"doc","D:\MyWork\verilog\dbs\opentitan\hw\ip\prim\doc\prim_packer_fifo.md","D:\MyWork\verilog\out\spec_documents_20260514_204108\opentitan\hw\ip\prim\doc\prim_packer_fifo.md","2660"
"doc","D:\MyWork\verilog\dbs\opentitan\hw\ip\prim\doc\prim_present.md","D:\MyWork\verilog\out\spec_documents_20260514_204108\opentitan\hw\ip\prim\doc\prim_present.md","4102"
"doc","D:\MyWork\verilog\dbs\opentitan\hw\ip\prim\doc\prim_prince.md","D:\MyWork\verilog\out\spec_documents_20260514_204108\opentitan\hw\ip\prim\doc\prim_prince.md","6141"
"doc","D:\MyWork\verilog\dbs\opentitan\hw\ip\prim\doc\prim_ram_1p_scr.md","D:\MyWork\verilog\out\spec_documents_20260514_204108\opentitan\hw\ip\prim\doc\prim_ram_1p_scr.md","9294"
"doc","D:\MyWork\verilog\dbs\opentitan\hw\ip\prim\doc\prim_xoshiro256pp.md","D:\MyWork\verilog\out\spec_documents_20260514_204108\opentitan\hw\ip\prim\doc\prim_xoshiro256pp.md","2790"
"hjson_spec","D:\MyWork\verilog\dbs\opentitan\hw\ip\prim\dv\prim_alert\data\prim_alert_testplan.hjson","D:\MyWork\verilog\out\spec_documents_20260514_204108\opentitan\hw\ip\prim\dv\prim_alert\data\prim_alert_testplan.hjson","4326"
"hjson_spec","D:\MyWork\verilog\dbs\opentitan\hw\ip\prim\dv\prim_esc\data\prim_esc_testplan.hjson","D:\MyWork\verilog\out\spec_documents_20260514_204108\opentitan\hw\ip\prim\dv\prim_esc\data\prim_esc_testplan.hjson","3472"
"hjson_spec","D:\MyWork\verilog\dbs\opentitan\hw\ip\racl_ctrl\data\racl_ctrl_testplan.hjson","D:\MyWork\verilog\out\spec_documents_20260514_204108\opentitan\hw\ip\racl_ctrl\data\racl_ctrl_testplan.hjson","1970"
"readme","D:\MyWork\verilog\dbs\opentitan\hw\ip\rom_ctrl\README.md","D:\MyWork\verilog\out\spec_documents_20260514_204108\opentitan\hw\ip\rom_ctrl\README.md","3607"
"hjson_spec","D:\MyWork\verilog\dbs\opentitan\hw\ip\rom_ctrl\data\rom_ctrl.hjson","D:\MyWork\verilog\out\spec_documents_20260514_204108\opentitan\hw\ip\rom_ctrl\data\rom_ctrl.hjson","11488"
"hjson_spec","D:\MyWork\verilog\dbs\opentitan\hw\ip\rom_ctrl\data\rom_ctrl_sec_cm_testplan.hjson","D:\MyWork\verilog\out\spec_documents_20260514_204108\opentitan\hw\ip\rom_ctrl\data\rom_ctrl_sec_cm_testplan.hjson","7153"
"hjson_spec","D:\MyWork\verilog\dbs\opentitan\hw\ip\rom_ctrl\data\rom_ctrl_testplan.hjson","D:\MyWork\verilog\out\spec_documents_20260514_204108\opentitan\hw\ip\rom_ctrl\data\rom_ctrl_testplan.hjson","4288"
"doc","D:\MyWork\verilog\dbs\opentitan\hw\ip\rom_ctrl\doc\checklist.md","D:\MyWork\verilog\out\spec_documents_20260514_204108\opentitan\hw\ip\rom_ctrl\doc\checklist.md","20686"
"doc","D:\MyWork\verilog\dbs\opentitan\hw\ip\rom_ctrl\doc\interfaces.md","D:\MyWork\verilog\out\spec_documents_20260514_204108\opentitan\hw\ip\rom_ctrl\doc\interfaces.md","15473"
"doc","D:\MyWork\verilog\dbs\opentitan\hw\ip\rom_ctrl\doc\programmers_guide.md","D:\MyWork\verilog\out\spec_documents_20260514_204108\opentitan\hw\ip\rom_ctrl\doc\programmers_guide.md","1227"
"doc","D:\MyWork\verilog\dbs\opentitan\hw\ip\rom_ctrl\doc\registers.md","D:\MyWork\verilog\out\spec_documents_20260514_204108\opentitan\hw\ip\rom_ctrl\doc\registers.md","6012"
"doc","D:\MyWork\verilog\dbs\opentitan\hw\ip\rom_ctrl\doc\theory_of_operation.md","D:\MyWork\verilog\out\spec_documents_20260514_204108\opentitan\hw\ip\rom_ctrl\doc\theory_of_operation.md","8661"
"readme","D:\MyWork\verilog\dbs\opentitan\hw\ip\rv_dm\README.md","D:\MyWork\verilog\out\spec_documents_20260514_204108\opentitan\hw\ip\rv_dm\README.md","2752"
"hjson_spec","D:\MyWork\verilog\dbs\opentitan\hw\ip\rv_dm\data\rv_dm.hjson","D:\MyWork\verilog\out\spec_documents_20260514_204108\opentitan\hw\ip\rv_dm\data\rv_dm.hjson","27741"
"hjson_spec","D:\MyWork\verilog\dbs\opentitan\hw\ip\rv_dm\data\rv_dm_sec_cm_testplan.hjson","D:\MyWork\verilog\out\spec_documents_20260514_204108\opentitan\hw\ip\rv_dm\data\rv_dm_sec_cm_testplan.hjson","7642"
"hjson_spec","D:\MyWork\verilog\dbs\opentitan\hw\ip\rv_dm\data\rv_dm_testplan.hjson","D:\MyWork\verilog\out\spec_documents_20260514_204108\opentitan\hw\ip\rv_dm\data\rv_dm_testplan.hjson","24549"
"doc","D:\MyWork\verilog\dbs\opentitan\hw\ip\rv_dm\doc\checklist.md","D:\MyWork\verilog\out\spec_documents_20260514_204108\opentitan\hw\ip\rv_dm\doc\checklist.md","21050"
"doc","D:\MyWork\verilog\dbs\opentitan\hw\ip\rv_dm\doc\interfaces.md","D:\MyWork\verilog\out\spec_documents_20260514_204108\opentitan\hw\ip\rv_dm\doc\interfaces.md","31209"
"doc","D:\MyWork\verilog\dbs\opentitan\hw\ip\rv_dm\doc\programmers_guide.md","D:\MyWork\verilog\out\spec_documents_20260514_204108\opentitan\hw\ip\rv_dm\doc\programmers_guide.md","22"
"doc","D:\MyWork\verilog\dbs\opentitan\hw\ip\rv_dm\doc\registers.md","D:\MyWork\verilog\out\spec_documents_20260514_204108\opentitan\hw\ip\rv_dm\doc\registers.md","65552"
"doc","D:\MyWork\verilog\dbs\opentitan\hw\ip\rv_dm\doc\theory_of_operation.md","D:\MyWork\verilog\out\spec_documents_20260514_204108\opentitan\hw\ip\rv_dm\doc\theory_of_operation.md","3447"
"readme","D:\MyWork\verilog\dbs\opentitan\hw\ip\rv_timer\README.md","D:\MyWork\verilog\out\spec_documents_20260514_204108\opentitan\hw\ip\rv_timer\README.md","2428"
"hjson_spec","D:\MyWork\verilog\dbs\opentitan\hw\ip\rv_timer\data\rv_timer.hjson","D:\MyWork\verilog\out\spec_documents_20260514_204108\opentitan\hw\ip\rv_timer\data\rv_timer.hjson","7302"
"hjson_spec","D:\MyWork\verilog\dbs\opentitan\hw\ip\rv_timer\data\rv_timer_sec_cm_testplan.hjson","D:\MyWork\verilog\out\spec_documents_20260514_204108\opentitan\hw\ip\rv_timer\data\rv_timer_sec_cm_testplan.hjson","1377"
"hjson_spec","D:\MyWork\verilog\dbs\opentitan\hw\ip\rv_timer\data\rv_timer_testplan.hjson","D:\MyWork\verilog\out\spec_documents_20260514_204108\opentitan\hw\ip\rv_timer\data\rv_timer_testplan.hjson","4414"
"doc","D:\MyWork\verilog\dbs\opentitan\hw\ip\rv_timer\doc\checklist.md","D:\MyWork\verilog\out\spec_documents_20260514_204108\opentitan\hw\ip\rv_timer\doc\checklist.md","21320"
"doc","D:\MyWork\verilog\dbs\opentitan\hw\ip\rv_timer\doc\interfaces.md","D:\MyWork\verilog\out\spec_documents_20260514_204108\opentitan\hw\ip\rv_timer\doc\interfaces.md","2659"
"doc","D:\MyWork\verilog\dbs\opentitan\hw\ip\rv_timer\doc\programmers_guide.md","D:\MyWork\verilog\out\spec_documents_20260514_204108\opentitan\hw\ip\rv_timer\doc\programmers_guide.md","5208"
"doc","D:\MyWork\verilog\dbs\opentitan\hw\ip\rv_timer\doc\registers.md","D:\MyWork\verilog\out\spec_documents_20260514_204108\opentitan\hw\ip\rv_timer\doc\registers.md","6928"
"doc","D:\MyWork\verilog\dbs\opentitan\hw\ip\rv_timer\doc\theory_of_operation.md","D:\MyWork\verilog\out\spec_documents_20260514_204108\opentitan\hw\ip\rv_timer\doc\theory_of_operation.md","4119"
"readme","D:\MyWork\verilog\dbs\opentitan\hw\ip\soc_dbg_ctrl\README.md","D:\MyWork\verilog\out\spec_documents_20260514_204108\opentitan\hw\ip\soc_dbg_ctrl\README.md","6424"
"hjson_spec","D:\MyWork\verilog\dbs\opentitan\hw\ip\soc_dbg_ctrl\data\soc_dbg_ctrl.hjson","D:\MyWork\verilog\out\spec_documents_20260514_204108\opentitan\hw\ip\soc_dbg_ctrl\data\soc_dbg_ctrl.hjson","17234"
"hjson_spec","D:\MyWork\verilog\dbs\opentitan\hw\ip\soc_dbg_ctrl\data\soc_dbg_ctrl_sec_cm_testplan.hjson","D:\MyWork\verilog\out\spec_documents_20260514_204108\opentitan\hw\ip\soc_dbg_ctrl\data\soc_dbg_ctrl_sec_cm_testplan.hjson","1883"
"hjson_spec","D:\MyWork\verilog\dbs\opentitan\hw\ip\soc_dbg_ctrl\data\soc_dbg_ctrl_testplan.hjson","D:\MyWork\verilog\out\spec_documents_20260514_204108\opentitan\hw\ip\soc_dbg_ctrl\data\soc_dbg_ctrl_testplan.hjson","1093"
"doc","D:\MyWork\verilog\dbs\opentitan\hw\ip\soc_dbg_ctrl\doc\checklist.md","D:\MyWork\verilog\out\spec_documents_20260514_204108\opentitan\hw\ip\soc_dbg_ctrl\doc\checklist.md","19549"
"doc","D:\MyWork\verilog\dbs\opentitan\hw\ip\soc_dbg_ctrl\doc\interfaces.md","D:\MyWork\verilog\out\spec_documents_20260514_204108\opentitan\hw\ip\soc_dbg_ctrl\doc\interfaces.md","5302"
"doc","D:\MyWork\verilog\dbs\opentitan\hw\ip\soc_dbg_ctrl\doc\programmers_guide.md","D:\MyWork\verilog\out\spec_documents_20260514_204108\opentitan\hw\ip\soc_dbg_ctrl\doc\programmers_guide.md","39"
"doc","D:\MyWork\verilog\dbs\opentitan\hw\ip\soc_dbg_ctrl\doc\registers.md","D:\MyWork\verilog\out\spec_documents_20260514_204108\opentitan\hw\ip\soc_dbg_ctrl\doc\registers.md","24011"
"doc","D:\MyWork\verilog\dbs\opentitan\hw\ip\soc_dbg_ctrl\doc\theory_of_operation.md","D:\MyWork\verilog\out\spec_documents_20260514_204108\opentitan\hw\ip\soc_dbg_ctrl\doc\theory_of_operation.md","40"
"readme","D:\MyWork\verilog\dbs\opentitan\hw\ip\spi_device\README.md","D:\MyWork\verilog\out\spec_documents_20260514_204108\opentitan\hw\ip\spi_device\README.md","6844"
"hjson_spec","D:\MyWork\verilog\dbs\opentitan\hw\ip\spi_device\data\spi_device.hjson","D:\MyWork\verilog\out\spec_documents_20260514_204108\opentitan\hw\ip\spi_device\data\spi_device.hjson","57442"
"hjson_spec","D:\MyWork\verilog\dbs\opentitan\hw\ip\spi_device\data\spi_device_sec_cm_testplan.hjson","D:\MyWork\verilog\out\spec_documents_20260514_204108\opentitan\hw\ip\spi_device\data\spi_device_sec_cm_testplan.hjson","1387"
"hjson_spec","D:\MyWork\verilog\dbs\opentitan\hw\ip\spi_device\data\spi_device_testplan.hjson","D:\MyWork\verilog\out\spec_documents_20260514_204108\opentitan\hw\ip\spi_device\data\spi_device_testplan.hjson","21137"
"doc","D:\MyWork\verilog\dbs\opentitan\hw\ip\spi_device\doc\checklist.md","D:\MyWork\verilog\out\spec_documents_20260514_204108\opentitan\hw\ip\spi_device\doc\checklist.md","20729"
"doc","D:\MyWork\verilog\dbs\opentitan\hw\ip\spi_device\doc\interfaces.md","D:\MyWork\verilog\out\spec_documents_20260514_204108\opentitan\hw\ip\spi_device\doc\interfaces.md","7995"
"doc","D:\MyWork\verilog\dbs\opentitan\hw\ip\spi_device\doc\programmers_guide.md","D:\MyWork\verilog\out\spec_documents_20260514_204108\opentitan\hw\ip\spi_device\doc\programmers_guide.md","6150"
"doc","D:\MyWork\verilog\dbs\opentitan\hw\ip\spi_device\doc\registers.md","D:\MyWork\verilog\out\spec_documents_20260514_204108\opentitan\hw\ip\spi_device\doc\registers.md","106243"
"doc","D:\MyWork\verilog\dbs\opentitan\hw\ip\spi_device\doc\theory_of_operation.md","D:\MyWork\verilog\out\spec_documents_20260514_204108\opentitan\hw\ip\spi_device\doc\theory_of_operation.md","28137"
"readme","D:\MyWork\verilog\dbs\opentitan\hw\ip\spi_host\README.md","D:\MyWork\verilog\out\spec_documents_20260514_204108\opentitan\hw\ip\spi_host\README.md","4773"
"hjson_spec","D:\MyWork\verilog\dbs\opentitan\hw\ip\spi_host\data\spi_host.hjson","D:\MyWork\verilog\out\spec_documents_20260514_204108\opentitan\hw\ip\spi_host\data\spi_host.hjson","26582"
"hjson_spec","D:\MyWork\verilog\dbs\opentitan\hw\ip\spi_host\data\spi_host_sec_cm_testplan.hjson","D:\MyWork\verilog\out\spec_documents_20260514_204108\opentitan\hw\ip\spi_host\data\spi_host_sec_cm_testplan.hjson","1377"
"hjson_spec","D:\MyWork\verilog\dbs\opentitan\hw\ip\spi_host\data\spi_host_testplan.hjson","D:\MyWork\verilog\out\spec_documents_20260514_204108\opentitan\hw\ip\spi_host\data\spi_host_testplan.hjson","13854"
"doc","D:\MyWork\verilog\dbs\opentitan\hw\ip\spi_host\doc\checklist.md","D:\MyWork\verilog\out\spec_documents_20260514_204108\opentitan\hw\ip\spi_host\doc\checklist.md","20984"
"doc","D:\MyWork\verilog\dbs\opentitan\hw\ip\spi_host\doc\interfaces.md","D:\MyWork\verilog\out\spec_documents_20260514_204108\opentitan\hw\ip\spi_host\doc\interfaces.md","3898"
"doc","D:\MyWork\verilog\dbs\opentitan\hw\ip\spi_host\doc\programmers_guide.md","D:\MyWork\verilog\out\spec_documents_20260514_204108\opentitan\hw\ip\spi_host\doc\programmers_guide.md","14681"
"doc","D:\MyWork\verilog\dbs\opentitan\hw\ip\spi_host\doc\registers.md","D:\MyWork\verilog\out\spec_documents_20260514_204108\opentitan\hw\ip\spi_host\doc\registers.md","28736"
"doc","D:\MyWork\verilog\dbs\opentitan\hw\ip\spi_host\doc\theory_of_operation.md","D:\MyWork\verilog\out\spec_documents_20260514_204108\opentitan\hw\ip\spi_host\doc\theory_of_operation.md","99420"
"readme","D:\MyWork\verilog\dbs\opentitan\hw\ip\sram_ctrl\README.md","D:\MyWork\verilog\out\spec_documents_20260514_204108\opentitan\hw\ip\sram_ctrl\README.md","2507"
"hjson_spec","D:\MyWork\verilog\dbs\opentitan\hw\ip\sram_ctrl\data\sram_ctrl.hjson","D:\MyWork\verilog\out\spec_documents_20260514_204108\opentitan\hw\ip\sram_ctrl\data\sram_ctrl.hjson","20066"
"hjson_spec","D:\MyWork\verilog\dbs\opentitan\hw\ip\sram_ctrl\data\sram_ctrl_sec_cm_testplan.hjson","D:\MyWork\verilog\out\spec_documents_20260514_204108\opentitan\hw\ip\sram_ctrl\data\sram_ctrl_sec_cm_testplan.hjson","6925"
"hjson_spec","D:\MyWork\verilog\dbs\opentitan\hw\ip\sram_ctrl\data\sram_ctrl_testplan.hjson","D:\MyWork\verilog\out\spec_documents_20260514_204108\opentitan\hw\ip\sram_ctrl\data\sram_ctrl_testplan.hjson","9271"
"doc","D:\MyWork\verilog\dbs\opentitan\hw\ip\sram_ctrl\doc\checklist.md","D:\MyWork\verilog\out\spec_documents_20260514_204108\opentitan\hw\ip\sram_ctrl\doc\checklist.md","20475"
"doc","D:\MyWork\verilog\dbs\opentitan\hw\ip\sram_ctrl\doc\interfaces.md","D:\MyWork\verilog\out\spec_documents_20260514_204108\opentitan\hw\ip\sram_ctrl\doc\interfaces.md","15247"
"doc","D:\MyWork\verilog\dbs\opentitan\hw\ip\sram_ctrl\doc\programmers_guide.md","D:\MyWork\verilog\out\spec_documents_20260514_204108\opentitan\hw\ip\sram_ctrl\doc\programmers_guide.md","2624"
"doc","D:\MyWork\verilog\dbs\opentitan\hw\ip\sram_ctrl\doc\registers.md","D:\MyWork\verilog\out\spec_documents_20260514_204108\opentitan\hw\ip\sram_ctrl\doc\registers.md","12618"
"doc","D:\MyWork\verilog\dbs\opentitan\hw\ip\sram_ctrl\doc\theory_of_operation.md","D:\MyWork\verilog\out\spec_documents_20260514_204108\opentitan\hw\ip\sram_ctrl\doc\theory_of_operation.md","9698"
"readme","D:\MyWork\verilog\dbs\opentitan\hw\ip\sysrst_ctrl\README.md","D:\MyWork\verilog\out\spec_documents_20260514_204108\opentitan\hw\ip\sysrst_ctrl\README.md","2450"
"hjson_spec","D:\MyWork\verilog\dbs\opentitan\hw\ip\sysrst_ctrl\data\sysrst_ctrl.hjson","D:\MyWork\verilog\out\spec_documents_20260514_204108\opentitan\hw\ip\sysrst_ctrl\data\sysrst_ctrl.hjson","34161"
"hjson_spec","D:\MyWork\verilog\dbs\opentitan\hw\ip\sysrst_ctrl\data\sysrst_ctrl_sec_cm_testplan.hjson","D:\MyWork\verilog\out\spec_documents_20260514_204108\opentitan\hw\ip\sysrst_ctrl\data\sysrst_ctrl_sec_cm_testplan.hjson","1392"
"hjson_spec","D:\MyWork\verilog\dbs\opentitan\hw\ip\sysrst_ctrl\data\sysrst_ctrl_testplan.hjson","D:\MyWork\verilog\out\spec_documents_20260514_204108\opentitan\hw\ip\sysrst_ctrl\data\sysrst_ctrl_testplan.hjson","13849"
"doc","D:\MyWork\verilog\dbs\opentitan\hw\ip\sysrst_ctrl\doc\checklist.md","D:\MyWork\verilog\out\spec_documents_20260514_204108\opentitan\hw\ip\sysrst_ctrl\doc\checklist.md","20678"
"doc","D:\MyWork\verilog\dbs\opentitan\hw\ip\sysrst_ctrl\doc\interfaces.md","D:\MyWork\verilog\out\spec_documents_20260514_204108\opentitan\hw\ip\sysrst_ctrl\doc\interfaces.md","3554"
"doc","D:\MyWork\verilog\dbs\opentitan\hw\ip\sysrst_ctrl\doc\registers.md","D:\MyWork\verilog\out\spec_documents_20260514_204108\opentitan\hw\ip\sysrst_ctrl\doc\registers.md","47535"
"doc","D:\MyWork\verilog\dbs\opentitan\hw\ip\sysrst_ctrl\doc\theory_of_operation.md","D:\MyWork\verilog\out\spec_documents_20260514_204108\opentitan\hw\ip\sysrst_ctrl\doc\theory_of_operation.md","15962"
"readme","D:\MyWork\verilog\dbs\opentitan\hw\ip\tlul\README.md","D:\MyWork\verilog\out\spec_documents_20260514_204108\opentitan\hw\ip\tlul\README.md","41516"
"hjson_spec","D:\MyWork\verilog\dbs\opentitan\hw\ip\tlul\data\tlul.prj.hjson","D:\MyWork\verilog\out\spec_documents_20260514_204108\opentitan\hw\ip\tlul\data\tlul.prj.hjson","1289"
"hjson_spec","D:\MyWork\verilog\dbs\opentitan\hw\ip\tlul\data\tlul_testplan.hjson","D:\MyWork\verilog\out\spec_documents_20260514_204108\opentitan\hw\ip\tlul\data\tlul_testplan.hjson","3285"
"doc","D:\MyWork\verilog\dbs\opentitan\hw\ip\tlul\doc\TlulProtocolChecker.md","D:\MyWork\verilog\out\spec_documents_20260514_204108\opentitan\hw\ip\tlul\doc\TlulProtocolChecker.md","7098"
"doc","D:\MyWork\verilog\dbs\opentitan\hw\ip\tlul\doc\dv\README.md","D:\MyWork\verilog\out\spec_documents_20260514_204108\opentitan\hw\ip\tlul\doc\dv\README.md","7383"
"readme","D:\MyWork\verilog\dbs\opentitan\hw\ip\uart\README.md","D:\MyWork\verilog\out\spec_documents_20260514_204108\opentitan\hw\ip\uart\README.md","2230"
"hjson_spec","D:\MyWork\verilog\dbs\opentitan\hw\ip\uart\data\uart.hjson","D:\MyWork\verilog\out\spec_documents_20260514_204108\opentitan\hw\ip\uart\data\uart.hjson","15325"
"hjson_spec","D:\MyWork\verilog\dbs\opentitan\hw\ip\uart\data\uart_sec_cm_testplan.hjson","D:\MyWork\verilog\out\spec_documents_20260514_204108\opentitan\hw\ip\uart\data\uart_sec_cm_testplan.hjson","1357"
"hjson_spec","D:\MyWork\verilog\dbs\opentitan\hw\ip\uart\data\uart_testplan.hjson","D:\MyWork\verilog\out\spec_documents_20260514_204108\opentitan\hw\ip\uart\data\uart_testplan.hjson","8116"
"doc","D:\MyWork\verilog\dbs\opentitan\hw\ip\uart\doc\checklist.md","D:\MyWork\verilog\out\spec_documents_20260514_204108\opentitan\hw\ip\uart\doc\checklist.md","21545"
"doc","D:\MyWork\verilog\dbs\opentitan\hw\ip\uart\doc\interfaces.md","D:\MyWork\verilog\out\spec_documents_20260514_204108\opentitan\hw\ip\uart\doc\interfaces.md","4338"
"doc","D:\MyWork\verilog\dbs\opentitan\hw\ip\uart\doc\programmers_guide.md","D:\MyWork\verilog\out\spec_documents_20260514_204108\opentitan\hw\ip\uart\doc\programmers_guide.md","5428"
"doc","D:\MyWork\verilog\dbs\opentitan\hw\ip\uart\doc\registers.md","D:\MyWork\verilog\out\spec_documents_20260514_204108\opentitan\hw\ip\uart\doc\registers.md","20421"
"doc","D:\MyWork\verilog\dbs\opentitan\hw\ip\uart\doc\theory_of_operation.md","D:\MyWork\verilog\out\spec_documents_20260514_204108\opentitan\hw\ip\uart\doc\theory_of_operation.md","13372"
"readme","D:\MyWork\verilog\dbs\opentitan\hw\ip\usbdev\README.md","D:\MyWork\verilog\out\spec_documents_20260514_204108\opentitan\hw\ip\usbdev\README.md","2711"
"hjson_spec","D:\MyWork\verilog\dbs\opentitan\hw\ip\usbdev\data\usbdev.hjson","D:\MyWork\verilog\out\spec_documents_20260514_204108\opentitan\hw\ip\usbdev\data\usbdev.hjson","56449"
"hjson_spec","D:\MyWork\verilog\dbs\opentitan\hw\ip\usbdev\data\usbdev_sec_cm_testplan.hjson","D:\MyWork\verilog\out\spec_documents_20260514_204108\opentitan\hw\ip\usbdev\data\usbdev_sec_cm_testplan.hjson","1367"
"hjson_spec","D:\MyWork\verilog\dbs\opentitan\hw\ip\usbdev\data\usbdev_testplan.hjson","D:\MyWork\verilog\out\spec_documents_20260514_204108\opentitan\hw\ip\usbdev\data\usbdev_testplan.hjson","62125"
"doc","D:\MyWork\verilog\dbs\opentitan\hw\ip\usbdev\doc\checklist.md","D:\MyWork\verilog\out\spec_documents_20260514_204108\opentitan\hw\ip\usbdev\doc\checklist.md","20446"
"doc","D:\MyWork\verilog\dbs\opentitan\hw\ip\usbdev\doc\interfaces.md","D:\MyWork\verilog\out\spec_documents_20260514_204108\opentitan\hw\ip\usbdev\doc\interfaces.md","15520"
"doc","D:\MyWork\verilog\dbs\opentitan\hw\ip\usbdev\doc\programmers_guide.md","D:\MyWork\verilog\out\spec_documents_20260514_204108\opentitan\hw\ip\usbdev\doc\programmers_guide.md","19326"
"doc","D:\MyWork\verilog\dbs\opentitan\hw\ip\usbdev\doc\registers.md","D:\MyWork\verilog\out\spec_documents_20260514_204108\opentitan\hw\ip\usbdev\doc\registers.md","114608"
"doc","D:\MyWork\verilog\dbs\opentitan\hw\ip\usbdev\doc\theory_of_operation.md","D:\MyWork\verilog\out\spec_documents_20260514_204108\opentitan\hw\ip\usbdev\doc\theory_of_operation.md","23509"
"doc","D:\MyWork\verilog\dbs\opentitan\hw\ip\usbdev\doc\wake_resume.md","D:\MyWork\verilog\out\spec_documents_20260514_204108\opentitan\hw\ip\usbdev\doc\wake_resume.md","5615"
"hjson_spec","D:\MyWork\verilog\dbs\opentitan\hw\ip_templates\ac_range_check\data\ac_range_check.tpldesc.hjson","D:\MyWork\verilog\out\spec_documents_20260514_204108\opentitan\hw\ip_templates\ac_range_check\data\ac_range_check.tpldesc.hjson","1226"
"hjson_spec","D:\MyWork\verilog\dbs\opentitan\hw\ip_templates\ac_range_check\data\ac_range_check_testplan.hjson","D:\MyWork\verilog\out\spec_documents_20260514_204108\opentitan\hw\ip_templates\ac_range_check\data\ac_range_check_testplan.hjson","5372"
"doc","D:\MyWork\verilog\dbs\opentitan\hw\ip_templates\ac_range_check\doc\checklist.md","D:\MyWork\verilog\out\spec_documents_20260514_204108\opentitan\hw\ip_templates\ac_range_check\doc\checklist.md","19800"
"doc","D:\MyWork\verilog\dbs\opentitan\hw\ip_templates\ac_range_check\doc\theory_of_operation.md","D:\MyWork\verilog\out\spec_documents_20260514_204108\opentitan\hw\ip_templates\ac_range_check\doc\theory_of_operation.md","1845"
"hjson_spec","D:\MyWork\verilog\dbs\opentitan\hw\ip_templates\alert_handler\data\alert_handler.tpldesc.hjson","D:\MyWork\verilog\out\spec_documents_20260514_204108\opentitan\hw\ip_templates\alert_handler\data\alert_handler.tpldesc.hjson","2143"
"hjson_spec","D:\MyWork\verilog\dbs\opentitan\hw\ip_templates\alert_handler\data\alert_handler_sec_cm_testplan.hjson","D:\MyWork\verilog\out\spec_documents_20260514_204108\opentitan\hw\ip_templates\alert_handler\data\alert_handler_sec_cm_testplan.hjson","5216"
"doc","D:\MyWork\verilog\dbs\opentitan\hw\ip_templates\alert_handler\doc\checklist.md","D:\MyWork\verilog\out\spec_documents_20260514_204108\opentitan\hw\ip_templates\alert_handler\doc\checklist.md","20903"
"doc","D:\MyWork\verilog\dbs\opentitan\hw\ip_templates\alert_handler\doc\programmers_guide.md","D:\MyWork\verilog\out\spec_documents_20260514_204108\opentitan\hw\ip_templates\alert_handler\doc\programmers_guide.md","9898"
"hjson_spec","D:\MyWork\verilog\dbs\opentitan\hw\ip_templates\clkmgr\data\clkmgr.tpldesc.hjson","D:\MyWork\verilog\out\spec_documents_20260514_204108\opentitan\hw\ip_templates\clkmgr\data\clkmgr.tpldesc.hjson","2695"
"doc","D:\MyWork\verilog\dbs\opentitan\hw\ip_templates\clkmgr\doc\checklist.md","D:\MyWork\verilog\out\spec_documents_20260514_204108\opentitan\hw\ip_templates\clkmgr\doc\checklist.md","21187"
"doc","D:\MyWork\verilog\dbs\opentitan\hw\ip_templates\clkmgr\doc\programmers_guide.md","D:\MyWork\verilog\out\spec_documents_20260514_204108\opentitan\hw\ip_templates\clkmgr\doc\programmers_guide.md","791"
"hjson_spec","D:\MyWork\verilog\dbs\opentitan\hw\ip_templates\flash_ctrl\data\flash_ctrl.tpldesc.hjson","D:\MyWork\verilog\out\spec_documents_20260514_204108\opentitan\hw\ip_templates\flash_ctrl\data\flash_ctrl.tpldesc.hjson","2464"
"hjson_spec","D:\MyWork\verilog\dbs\opentitan\hw\ip_templates\flash_ctrl\data\flash_ctrl_sec_cm_testplan.hjson","D:\MyWork\verilog\out\spec_documents_20260514_204108\opentitan\hw\ip_templates\flash_ctrl\data\flash_ctrl_sec_cm_testplan.hjson","12300"
"hjson_spec","D:\MyWork\verilog\dbs\opentitan\hw\ip_templates\flash_ctrl\data\flash_ctrl_testplan.hjson","D:\MyWork\verilog\out\spec_documents_20260514_204108\opentitan\hw\ip_templates\flash_ctrl\data\flash_ctrl_testplan.hjson","20255"
"doc","D:\MyWork\verilog\dbs\opentitan\hw\ip_templates\flash_ctrl\doc\checklist.md","D:\MyWork\verilog\out\spec_documents_20260514_204108\opentitan\hw\ip_templates\flash_ctrl\doc\checklist.md","20697"
"doc","D:\MyWork\verilog\dbs\opentitan\hw\ip_templates\flash_ctrl\doc\programmers_guide.md","D:\MyWork\verilog\out\spec_documents_20260514_204108\opentitan\hw\ip_templates\flash_ctrl\doc\programmers_guide.md","5609"
"doc","D:\MyWork\verilog\dbs\opentitan\hw\ip_templates\flash_ctrl\doc\theory_of_operation.md","D:\MyWork\verilog\out\spec_documents_20260514_204108\opentitan\hw\ip_templates\flash_ctrl\doc\theory_of_operation.md","34908"
"hjson_spec","D:\MyWork\verilog\dbs\opentitan\hw\ip_templates\gpio\data\gpio.tpldesc.hjson","D:\MyWork\verilog\out\spec_documents_20260514_204108\opentitan\hw\ip_templates\gpio\data\gpio.tpldesc.hjson","943"
"hjson_spec","D:\MyWork\verilog\dbs\opentitan\hw\ip_templates\gpio\data\gpio_sec_cm_testplan.hjson","D:\MyWork\verilog\out\spec_documents_20260514_204108\opentitan\hw\ip_templates\gpio\data\gpio_sec_cm_testplan.hjson","1357"
"doc","D:\MyWork\verilog\dbs\opentitan\hw\ip_templates\gpio\doc\checklist.md","D:\MyWork\verilog\out\spec_documents_20260514_204108\opentitan\hw\ip_templates\gpio\doc\checklist.md","22044"
"hjson_spec","D:\MyWork\verilog\dbs\opentitan\hw\ip_templates\otp_ctrl\data\otp_ctrl.tpldesc.hjson","D:\MyWork\verilog\out\spec_documents_20260514_204108\opentitan\hw\ip_templates\otp_ctrl\data\otp_ctrl.tpldesc.hjson","1018"
"hjson_spec","D:\MyWork\verilog\dbs\opentitan\hw\ip_templates\otp_ctrl\data\otp_ctrl_sec_cm_testplan.hjson","D:\MyWork\verilog\out\spec_documents_20260514_204108\opentitan\hw\ip_templates\otp_ctrl\data\otp_ctrl_sec_cm_testplan.hjson","9259"
"doc","D:\MyWork\verilog\dbs\opentitan\hw\ip_templates\otp_ctrl\doc\checklist.md","D:\MyWork\verilog\out\spec_documents_20260514_204108\opentitan\hw\ip_templates\otp_ctrl\doc\checklist.md","21490"
"doc","D:\MyWork\verilog\dbs\opentitan\hw\ip_templates\otp_ctrl\doc\programmers_guide.md","D:\MyWork\verilog\out\spec_documents_20260514_204108\opentitan\hw\ip_templates\otp_ctrl\doc\programmers_guide.md","26708"
"doc","D:\MyWork\verilog\dbs\opentitan\hw\ip_templates\otp_ctrl\doc\theory_of_operation.md","D:\MyWork\verilog\out\spec_documents_20260514_204108\opentitan\hw\ip_templates\otp_ctrl\doc\theory_of_operation.md","43706"
"hjson_spec","D:\MyWork\verilog\dbs\opentitan\hw\ip_templates\pinmux\data\pinmux.tpldesc.hjson","D:\MyWork\verilog\out\spec_documents_20260514_204108\opentitan\hw\ip_templates\pinmux\data\pinmux.tpldesc.hjson","2029"
"hjson_spec","D:\MyWork\verilog\dbs\opentitan\hw\ip_templates\pinmux\data\pinmux_fpv_testplan.hjson","D:\MyWork\verilog\out\spec_documents_20260514_204108\opentitan\hw\ip_templates\pinmux\data\pinmux_fpv_testplan.hjson","35553"
"doc","D:\MyWork\verilog\dbs\opentitan\hw\ip_templates\pinmux\doc\checklist.md","D:\MyWork\verilog\out\spec_documents_20260514_204108\opentitan\hw\ip_templates\pinmux\doc\checklist.md","21589"
"doc","D:\MyWork\verilog\dbs\opentitan\hw\ip_templates\pinmux\doc\programmers_guide.md","D:\MyWork\verilog\out\spec_documents_20260514_204108\opentitan\hw\ip_templates\pinmux\doc\programmers_guide.md","8558"
"hjson_spec","D:\MyWork\verilog\dbs\opentitan\hw\ip_templates\pwm\data\pwm.tpldesc.hjson","D:\MyWork\verilog\out\spec_documents_20260514_204108\opentitan\hw\ip_templates\pwm\data\pwm.tpldesc.hjson","926"
"hjson_spec","D:\MyWork\verilog\dbs\opentitan\hw\ip_templates\pwm\data\pwm_sec_cm_testplan.hjson","D:\MyWork\verilog\out\spec_documents_20260514_204108\opentitan\hw\ip_templates\pwm\data\pwm_sec_cm_testplan.hjson","1352"
"hjson_spec","D:\MyWork\verilog\dbs\opentitan\hw\ip_templates\pwm\data\pwm_testplan.hjson","D:\MyWork\verilog\out\spec_documents_20260514_204108\opentitan\hw\ip_templates\pwm\data\pwm_testplan.hjson","7258"
"doc","D:\MyWork\verilog\dbs\opentitan\hw\ip_templates\pwm\doc\checklist.md","D:\MyWork\verilog\out\spec_documents_20260514_204108\opentitan\hw\ip_templates\pwm\doc\checklist.md","20773"
"doc","D:\MyWork\verilog\dbs\opentitan\hw\ip_templates\pwm\doc\programmers_guide.md","D:\MyWork\verilog\out\spec_documents_20260514_204108\opentitan\hw\ip_templates\pwm\doc\programmers_guide.md","2591"
"doc","D:\MyWork\verilog\dbs\opentitan\hw\ip_templates\pwm\doc\theory_of_operation.md","D:\MyWork\verilog\out\spec_documents_20260514_204108\opentitan\hw\ip_templates\pwm\doc\theory_of_operation.md","15075"
"hjson_spec","D:\MyWork\verilog\dbs\opentitan\hw\ip_templates\pwrmgr\data\pwrmgr.tpldesc.hjson","D:\MyWork\verilog\out\spec_documents_20260514_204108\opentitan\hw\ip_templates\pwrmgr\data\pwrmgr.tpldesc.hjson","2263"
"hjson_spec","D:\MyWork\verilog\dbs\opentitan\hw\ip_templates\pwrmgr\data\pwrmgr_sec_cm_testplan.hjson","D:\MyWork\verilog\out\spec_documents_20260514_204108\opentitan\hw\ip_templates\pwrmgr\data\pwrmgr_sec_cm_testplan.hjson","8218"
"hjson_spec","D:\MyWork\verilog\dbs\opentitan\hw\ip_templates\pwrmgr\data\pwrmgr_testplan.hjson","D:\MyWork\verilog\out\spec_documents_20260514_204108\opentitan\hw\ip_templates\pwrmgr\data\pwrmgr_testplan.hjson","14250"
"doc","D:\MyWork\verilog\dbs\opentitan\hw\ip_templates\pwrmgr\doc\checklist.md","D:\MyWork\verilog\out\spec_documents_20260514_204108\opentitan\hw\ip_templates\pwrmgr\doc\checklist.md","20973"
"doc","D:\MyWork\verilog\dbs\opentitan\hw\ip_templates\pwrmgr\doc\programmers_guide.md","D:\MyWork\verilog\out\spec_documents_20260514_204108\opentitan\hw\ip_templates\pwrmgr\doc\programmers_guide.md","5369"
"doc","D:\MyWork\verilog\dbs\opentitan\hw\ip_templates\pwrmgr\doc\theory_of_operation.md","D:\MyWork\verilog\out\spec_documents_20260514_204108\opentitan\hw\ip_templates\pwrmgr\doc\theory_of_operation.md","18849"
"hjson_spec","D:\MyWork\verilog\dbs\opentitan\hw\ip_templates\racl_ctrl\data\racl_ctrl.tpldesc.hjson","D:\MyWork\verilog\out\spec_documents_20260514_204108\opentitan\hw\ip_templates\racl_ctrl\data\racl_ctrl.tpldesc.hjson","1749"
"doc","D:\MyWork\verilog\dbs\opentitan\hw\ip_templates\racl_ctrl\doc\checklist.md","D:\MyWork\verilog\out\spec_documents_20260514_204108\opentitan\hw\ip_templates\racl_ctrl\doc\checklist.md","19528"
"doc","D:\MyWork\verilog\dbs\opentitan\hw\ip_templates\racl_ctrl\doc\programmers_guide.md","D:\MyWork\verilog\out\spec_documents_20260514_204108\opentitan\hw\ip_templates\racl_ctrl\doc\programmers_guide.md","2649"
"hjson_spec","D:\MyWork\verilog\dbs\opentitan\hw\ip_templates\rstmgr\data\rstmgr.cfg.example.hjson","D:\MyWork\verilog\out\spec_documents_20260514_204108\opentitan\hw\ip_templates\rstmgr\data\rstmgr.cfg.example.hjson","2639"
"hjson_spec","D:\MyWork\verilog\dbs\opentitan\hw\ip_templates\rstmgr\data\rstmgr.tpldesc.hjson","D:\MyWork\verilog\out\spec_documents_20260514_204108\opentitan\hw\ip_templates\rstmgr\data\rstmgr.tpldesc.hjson","3830"
"hjson_spec","D:\MyWork\verilog\dbs\opentitan\hw\ip_templates\rstmgr\data\rstmgr_sec_cm_testplan.hjson","D:\MyWork\verilog\out\spec_documents_20260514_204108\opentitan\hw\ip_templates\rstmgr\data\rstmgr_sec_cm_testplan.hjson","3910"
"hjson_spec","D:\MyWork\verilog\dbs\opentitan\hw\ip_templates\rstmgr\data\rstmgr_testplan.hjson","D:\MyWork\verilog\out\spec_documents_20260514_204108\opentitan\hw\ip_templates\rstmgr\data\rstmgr_testplan.hjson","9004"
"doc","D:\MyWork\verilog\dbs\opentitan\hw\ip_templates\rstmgr\doc\checklist.md","D:\MyWork\verilog\out\spec_documents_20260514_204108\opentitan\hw\ip_templates\rstmgr\doc\checklist.md","20949"
"doc","D:\MyWork\verilog\dbs\opentitan\hw\ip_templates\rstmgr\doc\programmers_guide.md","D:\MyWork\verilog\out\spec_documents_20260514_204108\opentitan\hw\ip_templates\rstmgr\doc\programmers_guide.md","143"
"hjson_spec","D:\MyWork\verilog\dbs\opentitan\hw\ip_templates\rstmgr\dv\rstmgr_cnsty_chk\data\rstmgr_cnsty_chk_testplan.hjson","D:\MyWork\verilog\out\spec_documents_20260514_204108\opentitan\hw\ip_templates\rstmgr\dv\rstmgr_cnsty_chk\data\rstmgr_cnsty_chk_testplan.hjson","1131"
"hjson_spec","D:\MyWork\verilog\dbs\opentitan\hw\ip_templates\rv_core_ibex\data\rv_core_ibex.tpldesc.hjson","D:\MyWork\verilog\out\spec_documents_20260514_204108\opentitan\hw\ip_templates\rv_core_ibex\data\rv_core_ibex.tpldesc.hjson","1065"
"doc","D:\MyWork\verilog\dbs\opentitan\hw\ip_templates\rv_core_ibex\doc\boot-rom-patching.md","D:\MyWork\verilog\out\spec_documents_20260514_204108\opentitan\hw\ip_templates\rv_core_ibex\doc\boot-rom-patching.md","27219"
"doc","D:\MyWork\verilog\dbs\opentitan\hw\ip_templates\rv_core_ibex\doc\checklist.md","D:\MyWork\verilog\out\spec_documents_20260514_204108\opentitan\hw\ip_templates\rv_core_ibex\doc\checklist.md","9436"
"doc","D:\MyWork\verilog\dbs\opentitan\hw\ip_templates\rv_core_ibex\doc\programmers_guide.md","D:\MyWork\verilog\out\spec_documents_20260514_204108\opentitan\hw\ip_templates\rv_core_ibex\doc\programmers_guide.md","149"
"doc","D:\MyWork\verilog\dbs\opentitan\hw\ip_templates\rv_core_ibex\doc\theory_of_operation.md","D:\MyWork\verilog\out\spec_documents_20260514_204108\opentitan\hw\ip_templates\rv_core_ibex\doc\theory_of_operation.md","6784"
"hjson_spec","D:\MyWork\verilog\dbs\opentitan\hw\ip_templates\rv_plic\data\rv_plic.tpldesc.hjson","D:\MyWork\verilog\out\spec_documents_20260514_204108\opentitan\hw\ip_templates\rv_plic\data\rv_plic.tpldesc.hjson","1277"
"hjson_spec","D:\MyWork\verilog\dbs\opentitan\hw\ip_templates\rv_plic\data\rv_plic_sec_cm_testplan.hjson","D:\MyWork\verilog\out\spec_documents_20260514_204108\opentitan\hw\ip_templates\rv_plic\data\rv_plic_sec_cm_testplan.hjson","1351"
"doc","D:\MyWork\verilog\dbs\opentitan\hw\ip_templates\rv_plic\doc\checklist.md","D:\MyWork\verilog\out\spec_documents_20260514_204108\opentitan\hw\ip_templates\rv_plic\doc\checklist.md","20657"
"doc","D:\MyWork\verilog\dbs\opentitan\hw\ip_templates\rv_plic\doc\programmers_guide.md","D:\MyWork\verilog\out\spec_documents_20260514_204108\opentitan\hw\ip_templates\rv_plic\doc\programmers_guide.md","3442"
"doc","D:\MyWork\verilog\dbs\opentitan\hw\ip_templates\rv_plic\doc\theory_of_operation.md","D:\MyWork\verilog\out\spec_documents_20260514_204108\opentitan\hw\ip_templates\rv_plic\doc\theory_of_operation.md","6326"
"doc","D:\MyWork\verilog\dbs\opentitan\hw\ip_templates\rv_plic\doc\dv\README.md","D:\MyWork\verilog\out\spec_documents_20260514_204108\opentitan\hw\ip_templates\rv_plic\doc\dv\README.md","1897"
"doc","D:\MyWork\verilog\dbs\opentitan\hw\top\doc\create_top.md","D:\MyWork\verilog\out\spec_documents_20260514_204108\opentitan\hw\top\doc\create_top.md","10808"
"doc","D:\MyWork\verilog\dbs\opentitan\hw\top\doc\top_desc.md","D:\MyWork\verilog\out\spec_documents_20260514_204108\opentitan\hw\top\doc\top_desc.md","8934"
"hjson_spec","D:\MyWork\verilog\dbs\opentitan\hw\top_darjeeling\data\chip_cfg.hjson","D:\MyWork\verilog\out\spec_documents_20260514_204108\opentitan\hw\top_darjeeling\data\chip_cfg.hjson","735"
"hjson_spec","D:\MyWork\verilog\dbs\opentitan\hw\top_darjeeling\data\chip_conn_testplan.hjson","D:\MyWork\verilog\out\spec_documents_20260514_204108\opentitan\hw\top_darjeeling\data\chip_conn_testplan.hjson","38605"
"hjson_spec","D:\MyWork\verilog\dbs\opentitan\hw\top_darjeeling\data\chip_testplan.hjson","D:\MyWork\verilog\out\spec_documents_20260514_204108\opentitan\hw\top_darjeeling\data\chip_testplan.hjson","137826"
"hjson_spec","D:\MyWork\verilog\dbs\opentitan\hw\top_darjeeling\data\top_darjeeling.hjson","D:\MyWork\verilog\out\spec_documents_20260514_204108\opentitan\hw\top_darjeeling\data\top_darjeeling.hjson","82670"
"hjson_spec","D:\MyWork\verilog\dbs\opentitan\hw\top_darjeeling\data\top_darjeeling_seed.testing.hjson","D:\MyWork\verilog\out\spec_documents_20260514_204108\opentitan\hw\top_darjeeling\data\top_darjeeling_seed.testing.hjson","926"
"hjson_spec","D:\MyWork\verilog\dbs\opentitan\hw\top_darjeeling\data\xbar_dbg.hjson","D:\MyWork\verilog\out\spec_documents_20260514_204108\opentitan\hw\top_darjeeling\data\xbar_dbg.hjson","1504"
"hjson_spec","D:\MyWork\verilog\dbs\opentitan\hw\top_darjeeling\data\xbar_main.hjson","D:\MyWork\verilog\out\spec_documents_20260514_204108\opentitan\hw\top_darjeeling\data\xbar_main.hjson","12835"
"hjson_spec","D:\MyWork\verilog\dbs\opentitan\hw\top_darjeeling\data\xbar_mbx.hjson","D:\MyWork\verilog\out\spec_documents_20260514_204108\opentitan\hw\top_darjeeling\data\xbar_mbx.hjson","3003"
"hjson_spec","D:\MyWork\verilog\dbs\opentitan\hw\top_darjeeling\data\xbar_peri.hjson","D:\MyWork\verilog\out\spec_documents_20260514_204108\opentitan\hw\top_darjeeling\data\xbar_peri.hjson","4271"
"hjson_spec","D:\MyWork\verilog\dbs\opentitan\hw\top_darjeeling\data\autogen\top_darjeeling.gen.hjson","D:\MyWork\verilog\out\spec_documents_20260514_204108\opentitan\hw\top_darjeeling\data\autogen\top_darjeeling.gen.hjson","751607"
"hjson_spec","D:\MyWork\verilog\dbs\opentitan\hw\top_darjeeling\data\autogen\top_darjeeling.secrets.testing.gen.hjson","D:\MyWork\verilog\out\spec_documents_20260514_204108\opentitan\hw\top_darjeeling\data\autogen\top_darjeeling.secrets.testing.gen.hjson","125895"
"hjson_spec","D:\MyWork\verilog\dbs\opentitan\hw\top_darjeeling\data\otp\otp_ctrl_img_creator_sw_cfg.hjson","D:\MyWork\verilog\out\spec_documents_20260514_204108\opentitan\hw\top_darjeeling\data\otp\otp_ctrl_img_creator_sw_cfg.hjson","6803"
"hjson_spec","D:\MyWork\verilog\dbs\opentitan\hw\top_darjeeling\data\otp\otp_ctrl_img_dev.hjson","D:\MyWork\verilog\out\spec_documents_20260514_204108\opentitan\hw\top_darjeeling\data\otp\otp_ctrl_img_dev.hjson","1916"
"hjson_spec","D:\MyWork\verilog\dbs\opentitan\hw\top_darjeeling\data\otp\otp_ctrl_img_hw_cfg.hjson","D:\MyWork\verilog\out\spec_documents_20260514_204108\opentitan\hw\top_darjeeling\data\otp\otp_ctrl_img_hw_cfg.hjson","1258"
"hjson_spec","D:\MyWork\verilog\dbs\opentitan\hw\top_darjeeling\data\otp\otp_ctrl_img_owner_sw_cfg.hjson","D:\MyWork\verilog\out\spec_documents_20260514_204108\opentitan\hw\top_darjeeling\data\otp\otp_ctrl_img_owner_sw_cfg.hjson","8606"
"hjson_spec","D:\MyWork\verilog\dbs\opentitan\hw\top_darjeeling\data\otp\otp_ctrl_img_prod.hjson","D:\MyWork\verilog\out\spec_documents_20260514_204108\opentitan\hw\top_darjeeling\data\otp\otp_ctrl_img_prod.hjson","1917"
"hjson_spec","D:\MyWork\verilog\dbs\opentitan\hw\top_darjeeling\data\otp\otp_ctrl_img_raw.hjson","D:\MyWork\verilog\out\spec_documents_20260514_204108\opentitan\hw\top_darjeeling\data\otp\otp_ctrl_img_raw.hjson","791"
"hjson_spec","D:\MyWork\verilog\dbs\opentitan\hw\top_darjeeling\data\otp\otp_ctrl_img_rma.hjson","D:\MyWork\verilog\out\spec_documents_20260514_204108\opentitan\hw\top_darjeeling\data\otp\otp_ctrl_img_rma.hjson","1916"
"hjson_spec","D:\MyWork\verilog\dbs\opentitan\hw\top_darjeeling\data\otp\otp_ctrl_img_test_locked0.hjson","D:\MyWork\verilog\out\spec_documents_20260514_204108\opentitan\hw\top_darjeeling\data\otp\otp_ctrl_img_test_locked0.hjson","1150"
"hjson_spec","D:\MyWork\verilog\dbs\opentitan\hw\top_darjeeling\data\otp\otp_ctrl_img_test_locked1.hjson","D:\MyWork\verilog\out\spec_documents_20260514_204108\opentitan\hw\top_darjeeling\data\otp\otp_ctrl_img_test_locked1.hjson","1150"
"hjson_spec","D:\MyWork\verilog\dbs\opentitan\hw\top_darjeeling\data\otp\otp_ctrl_img_test_unlocked0.hjson","D:\MyWork\verilog\out\spec_documents_20260514_204108\opentitan\hw\top_darjeeling\data\otp\otp_ctrl_img_test_unlocked0.hjson","1152"
"hjson_spec","D:\MyWork\verilog\dbs\opentitan\hw\top_darjeeling\data\otp\otp_ctrl_img_test_unlocked1.hjson","D:\MyWork\verilog\out\spec_documents_20260514_204108\opentitan\hw\top_darjeeling\data\otp\otp_ctrl_img_test_unlocked1.hjson","1152"
"hjson_spec","D:\MyWork\verilog\dbs\opentitan\hw\top_darjeeling\data\otp\otp_ctrl_img_test_unlocked2.hjson","D:\MyWork\verilog\out\spec_documents_20260514_204108\opentitan\hw\top_darjeeling\data\otp\otp_ctrl_img_test_unlocked2.hjson","1152"
"hjson_spec","D:\MyWork\verilog\dbs\opentitan\hw\top_darjeeling\data\otp\otp_ctrl_mmap.hjson","D:\MyWork\verilog\out\spec_documents_20260514_204108\opentitan\hw\top_darjeeling\data\otp\otp_ctrl_mmap.hjson","47164"
"hjson_spec","D:\MyWork\verilog\dbs\opentitan\hw\top_darjeeling\data\racl\all_rd_wr_mapping.hjson","D:\MyWork\verilog\out\spec_documents_20260514_204108\opentitan\hw\top_darjeeling\data\racl\all_rd_wr_mapping.hjson","293"
"hjson_spec","D:\MyWork\verilog\dbs\opentitan\hw\top_darjeeling\data\racl\racl.hjson","D:\MyWork\verilog\out\spec_documents_20260514_204108\opentitan\hw\top_darjeeling\data\racl\racl.hjson","1265"
"hjson_spec","D:\MyWork\verilog\dbs\opentitan\hw\top_darjeeling\data\racl\soc_rot_mapping.hjson","D:\MyWork\verilog\out\spec_documents_20260514_204108\opentitan\hw\top_darjeeling\data\racl\soc_rot_mapping.hjson","289"
"doc","D:\MyWork\verilog\dbs\opentitan\hw\top_darjeeling\doc\datasheet.md","D:\MyWork\verilog\out\spec_documents_20260514_204108\opentitan\hw\top_darjeeling\doc\datasheet.md","8309"
"doc","D:\MyWork\verilog\dbs\opentitan\hw\top_darjeeling\doc\memory_map.md","D:\MyWork\verilog\out\spec_documents_20260514_204108\opentitan\hw\top_darjeeling\doc\memory_map.md","9390"
"hjson_spec","D:\MyWork\verilog\dbs\opentitan\hw\top_darjeeling\ip\ast\data\ast.hjson","D:\MyWork\verilog\out\spec_documents_20260514_204108\opentitan\hw\top_darjeeling\ip\ast\data\ast.hjson","16888"
"hjson_spec","D:\MyWork\verilog\dbs\opentitan\hw\top_darjeeling\ip\soc_proxy\data\soc_proxy.hjson","D:\MyWork\verilog\out\spec_documents_20260514_204108\opentitan\hw\top_darjeeling\ip\soc_proxy\data\soc_proxy.hjson","5591"
"hjson_spec","D:\MyWork\verilog\dbs\opentitan\hw\top_darjeeling\ip\xbar_dbg\data\autogen\xbar_dbg.gen.hjson","D:\MyWork\verilog\out\spec_documents_20260514_204108\opentitan\hw\top_darjeeling\ip\xbar_dbg\data\autogen\xbar_dbg.gen.hjson","4189"
"hjson_spec","D:\MyWork\verilog\dbs\opentitan\hw\top_darjeeling\ip\xbar_dbg\data\autogen\xbar_dbg.hjson","D:\MyWork\verilog\out\spec_documents_20260514_204108\opentitan\hw\top_darjeeling\ip\xbar_dbg\data\autogen\xbar_dbg.hjson","1102"
"hjson_spec","D:\MyWork\verilog\dbs\opentitan\hw\top_darjeeling\ip\xbar_main\data\autogen\xbar_main.gen.hjson","D:\MyWork\verilog\out\spec_documents_20260514_204108\opentitan\hw\top_darjeeling\ip\xbar_main\data\autogen\xbar_main.gen.hjson","33226"
"hjson_spec","D:\MyWork\verilog\dbs\opentitan\hw\top_darjeeling\ip\xbar_main\data\autogen\xbar_main.hjson","D:\MyWork\verilog\out\spec_documents_20260514_204108\opentitan\hw\top_darjeeling\ip\xbar_main\data\autogen\xbar_main.hjson","6923"
"hjson_spec","D:\MyWork\verilog\dbs\opentitan\hw\top_darjeeling\ip\xbar_mbx\data\autogen\xbar_mbx.gen.hjson","D:\MyWork\verilog\out\spec_documents_20260514_204108\opentitan\hw\top_darjeeling\ip\xbar_mbx\data\autogen\xbar_mbx.gen.hjson","8740"
"hjson_spec","D:\MyWork\verilog\dbs\opentitan\hw\top_darjeeling\ip\xbar_mbx\data\autogen\xbar_mbx.hjson","D:\MyWork\verilog\out\spec_documents_20260514_204108\opentitan\hw\top_darjeeling\ip\xbar_mbx\data\autogen\xbar_mbx.hjson","2010"
"hjson_spec","D:\MyWork\verilog\dbs\opentitan\hw\top_darjeeling\ip\xbar_peri\data\autogen\xbar_peri.gen.hjson","D:\MyWork\verilog\out\spec_documents_20260514_204108\opentitan\hw\top_darjeeling\ip\xbar_peri\data\autogen\xbar_peri.gen.hjson","13667"
"hjson_spec","D:\MyWork\verilog\dbs\opentitan\hw\top_darjeeling\ip\xbar_peri\data\autogen\xbar_peri.hjson","D:\MyWork\verilog\out\spec_documents_20260514_204108\opentitan\hw\top_darjeeling\ip\xbar_peri\data\autogen\xbar_peri.hjson","3081"
"hjson_spec","D:\MyWork\verilog\dbs\opentitan\hw\top_darjeeling\ip_autogen\ac_range_check\data\ac_range_check.hjson","D:\MyWork\verilog\out\spec_documents_20260514_204108\opentitan\hw\top_darjeeling\ip_autogen\ac_range_check\data\ac_range_check.hjson","13666"
"hjson_spec","D:\MyWork\verilog\dbs\opentitan\hw\top_darjeeling\ip_autogen\ac_range_check\data\ac_range_check_testplan.hjson","D:\MyWork\verilog\out\spec_documents_20260514_204108\opentitan\hw\top_darjeeling\ip_autogen\ac_range_check\data\ac_range_check_testplan.hjson","5372"
"hjson_spec","D:\MyWork\verilog\dbs\opentitan\hw\top_darjeeling\ip_autogen\ac_range_check\data\top_darjeeling_ac_range_check.ipconfig.hjson","D:\MyWork\verilog\out\spec_documents_20260514_204108\opentitan\hw\top_darjeeling\ip_autogen\ac_range_check\data\top_darjeeling_ac_range_check.ipconfig.hjson","546"
"doc","D:\MyWork\verilog\dbs\opentitan\hw\top_darjeeling\ip_autogen\ac_range_check\doc\checklist.md","D:\MyWork\verilog\out\spec_documents_20260514_204108\opentitan\hw\top_darjeeling\ip_autogen\ac_range_check\doc\checklist.md","19800"
"doc","D:\MyWork\verilog\dbs\opentitan\hw\top_darjeeling\ip_autogen\ac_range_check\doc\interfaces.md","D:\MyWork\verilog\out\spec_documents_20260514_204108\opentitan\hw\top_darjeeling\ip_autogen\ac_range_check\doc\interfaces.md","4683"
"doc","D:\MyWork\verilog\dbs\opentitan\hw\top_darjeeling\ip_autogen\ac_range_check\doc\registers.md","D:\MyWork\verilog\out\spec_documents_20260514_204108\opentitan\hw\top_darjeeling\ip_autogen\ac_range_check\doc\registers.md","66103"
"doc","D:\MyWork\verilog\dbs\opentitan\hw\top_darjeeling\ip_autogen\ac_range_check\doc\theory_of_operation.md","D:\MyWork\verilog\out\spec_documents_20260514_204108\opentitan\hw\top_darjeeling\ip_autogen\ac_range_check\doc\theory_of_operation.md","1845"
"hjson_spec","D:\MyWork\verilog\dbs\opentitan\hw\top_darjeeling\ip_autogen\alert_handler\data\alert_handler.hjson","D:\MyWork\verilog\out\spec_documents_20260514_204108\opentitan\hw\top_darjeeling\ip_autogen\alert_handler\data\alert_handler.hjson","72524"
"hjson_spec","D:\MyWork\verilog\dbs\opentitan\hw\top_darjeeling\ip_autogen\alert_handler\data\alert_handler_sec_cm_testplan.hjson","D:\MyWork\verilog\out\spec_documents_20260514_204108\opentitan\hw\top_darjeeling\ip_autogen\alert_handler\data\alert_handler_sec_cm_testplan.hjson","5216"
"hjson_spec","D:\MyWork\verilog\dbs\opentitan\hw\top_darjeeling\ip_autogen\alert_handler\data\alert_handler_testplan.hjson","D:\MyWork\verilog\out\spec_documents_20260514_204108\opentitan\hw\top_darjeeling\ip_autogen\alert_handler\data\alert_handler_testplan.hjson","10509"
"hjson_spec","D:\MyWork\verilog\dbs\opentitan\hw\top_darjeeling\ip_autogen\alert_handler\data\top_darjeeling_alert_handler.ipconfig.hjson","D:\MyWork\verilog\out\spec_documents_20260514_204108\opentitan\hw\top_darjeeling\ip_autogen\alert_handler\data\top_darjeeling_alert_handler.ipconfig.hjson","2482"
"doc","D:\MyWork\verilog\dbs\opentitan\hw\top_darjeeling\ip_autogen\alert_handler\doc\checklist.md","D:\MyWork\verilog\out\spec_documents_20260514_204108\opentitan\hw\top_darjeeling\ip_autogen\alert_handler\doc\checklist.md","20903"
"doc","D:\MyWork\verilog\dbs\opentitan\hw\top_darjeeling\ip_autogen\alert_handler\doc\programmers_guide.md","D:\MyWork\verilog\out\spec_documents_20260514_204108\opentitan\hw\top_darjeeling\ip_autogen\alert_handler\doc\programmers_guide.md","9898"
"doc","D:\MyWork\verilog\dbs\opentitan\hw\top_darjeeling\ip_autogen\alert_handler\doc\theory_of_operation.md","D:\MyWork\verilog\out\spec_documents_20260514_204108\opentitan\hw\top_darjeeling\ip_autogen\alert_handler\doc\theory_of_operation.md","52787"
"hjson_spec","D:\MyWork\verilog\dbs\opentitan\hw\top_darjeeling\ip_autogen\clkmgr\data\clkmgr.hjson","D:\MyWork\verilog\out\spec_documents_20260514_204108\opentitan\hw\top_darjeeling\ip_autogen\clkmgr\data\clkmgr.hjson","16503"
"hjson_spec","D:\MyWork\verilog\dbs\opentitan\hw\top_darjeeling\ip_autogen\clkmgr\data\clkmgr_sec_cm_testplan.hjson","D:\MyWork\verilog\out\spec_documents_20260514_204108\opentitan\hw\top_darjeeling\ip_autogen\clkmgr\data\clkmgr_sec_cm_testplan.hjson","5032"
"hjson_spec","D:\MyWork\verilog\dbs\opentitan\hw\top_darjeeling\ip_autogen\clkmgr\data\clkmgr_testplan.hjson","D:\MyWork\verilog\out\spec_documents_20260514_204108\opentitan\hw\top_darjeeling\ip_autogen\clkmgr\data\clkmgr_testplan.hjson","10456"
"hjson_spec","D:\MyWork\verilog\dbs\opentitan\hw\top_darjeeling\ip_autogen\clkmgr\data\top_darjeeling_clkmgr.ipconfig.hjson","D:\MyWork\verilog\out\spec_documents_20260514_204108\opentitan\hw\top_darjeeling\ip_autogen\clkmgr\data\top_darjeeling_clkmgr.ipconfig.hjson","3196"
"doc","D:\MyWork\verilog\dbs\opentitan\hw\top_darjeeling\ip_autogen\clkmgr\doc\checklist.md","D:\MyWork\verilog\out\spec_documents_20260514_204108\opentitan\hw\top_darjeeling\ip_autogen\clkmgr\doc\checklist.md","21187"
"doc","D:\MyWork\verilog\dbs\opentitan\hw\top_darjeeling\ip_autogen\clkmgr\doc\interfaces.md","D:\MyWork\verilog\out\spec_documents_20260514_204108\opentitan\hw\top_darjeeling\ip_autogen\clkmgr\doc\interfaces.md","2984"
"doc","D:\MyWork\verilog\dbs\opentitan\hw\top_darjeeling\ip_autogen\clkmgr\doc\programmers_guide.md","D:\MyWork\verilog\out\spec_documents_20260514_204108\opentitan\hw\top_darjeeling\ip_autogen\clkmgr\doc\programmers_guide.md","791"
"doc","D:\MyWork\verilog\dbs\opentitan\hw\top_darjeeling\ip_autogen\clkmgr\doc\registers.md","D:\MyWork\verilog\out\spec_documents_20260514_204108\opentitan\hw\top_darjeeling\ip_autogen\clkmgr\doc\registers.md","16194"
"doc","D:\MyWork\verilog\dbs\opentitan\hw\top_darjeeling\ip_autogen\clkmgr\doc\theory_of_operation.md","D:\MyWork\verilog\out\spec_documents_20260514_204108\opentitan\hw\top_darjeeling\ip_autogen\clkmgr\doc\theory_of_operation.md","17522"
"hjson_spec","D:\MyWork\verilog\dbs\opentitan\hw\top_darjeeling\ip_autogen\gpio\data\gpio.hjson","D:\MyWork\verilog\out\spec_documents_20260514_204108\opentitan\hw\top_darjeeling\ip_autogen\gpio\data\gpio.hjson","19815"
"hjson_spec","D:\MyWork\verilog\dbs\opentitan\hw\top_darjeeling\ip_autogen\gpio\data\gpio_sec_cm_testplan.hjson","D:\MyWork\verilog\out\spec_documents_20260514_204108\opentitan\hw\top_darjeeling\ip_autogen\gpio\data\gpio_sec_cm_testplan.hjson","1357"
"hjson_spec","D:\MyWork\verilog\dbs\opentitan\hw\top_darjeeling\ip_autogen\gpio\data\gpio_testplan.hjson","D:\MyWork\verilog\out\spec_documents_20260514_204108\opentitan\hw\top_darjeeling\ip_autogen\gpio\data\gpio_testplan.hjson","8981"
"hjson_spec","D:\MyWork\verilog\dbs\opentitan\hw\top_darjeeling\ip_autogen\gpio\data\top_darjeeling_gpio.ipconfig.hjson","D:\MyWork\verilog\out\spec_documents_20260514_204108\opentitan\hw\top_darjeeling\ip_autogen\gpio\data\top_darjeeling_gpio.ipconfig.hjson","528"
"doc","D:\MyWork\verilog\dbs\opentitan\hw\top_darjeeling\ip_autogen\gpio\doc\checklist.md","D:\MyWork\verilog\out\spec_documents_20260514_204108\opentitan\hw\top_darjeeling\ip_autogen\gpio\doc\checklist.md","22044"
"doc","D:\MyWork\verilog\dbs\opentitan\hw\top_darjeeling\ip_autogen\gpio\doc\interfaces.md","D:\MyWork\verilog\out\spec_documents_20260514_204108\opentitan\hw\top_darjeeling\ip_autogen\gpio\doc\interfaces.md","3223"
"doc","D:\MyWork\verilog\dbs\opentitan\hw\top_darjeeling\ip_autogen\gpio\doc\programmers_guide.md","D:\MyWork\verilog\out\spec_documents_20260514_204108\opentitan\hw\top_darjeeling\ip_autogen\gpio\doc\programmers_guide.md","5522"
"doc","D:\MyWork\verilog\dbs\opentitan\hw\top_darjeeling\ip_autogen\gpio\doc\registers.md","D:\MyWork\verilog\out\spec_documents_20260514_204108\opentitan\hw\top_darjeeling\ip_autogen\gpio\doc\registers.md","25514"
"doc","D:\MyWork\verilog\dbs\opentitan\hw\top_darjeeling\ip_autogen\gpio\doc\theory_of_operation.md","D:\MyWork\verilog\out\spec_documents_20260514_204108\opentitan\hw\top_darjeeling\ip_autogen\gpio\doc\theory_of_operation.md","8655"
"hjson_spec","D:\MyWork\verilog\dbs\opentitan\hw\top_darjeeling\ip_autogen\otp_ctrl\data\otp_ctrl.hjson","D:\MyWork\verilog\out\spec_documents_20260514_204108\opentitan\hw\top_darjeeling\ip_autogen\otp_ctrl\data\otp_ctrl.hjson","128750"
"hjson_spec","D:\MyWork\verilog\dbs\opentitan\hw\top_darjeeling\ip_autogen\otp_ctrl\data\otp_ctrl_sec_cm_testplan.hjson","D:\MyWork\verilog\out\spec_documents_20260514_204108\opentitan\hw\top_darjeeling\ip_autogen\otp_ctrl\data\otp_ctrl_sec_cm_testplan.hjson","9259"
"hjson_spec","D:\MyWork\verilog\dbs\opentitan\hw\top_darjeeling\ip_autogen\otp_ctrl\data\otp_ctrl_testplan.hjson","D:\MyWork\verilog\out\spec_documents_20260514_204108\opentitan\hw\top_darjeeling\ip_autogen\otp_ctrl\data\otp_ctrl_testplan.hjson","15424"
"hjson_spec","D:\MyWork\verilog\dbs\opentitan\hw\top_darjeeling\ip_autogen\otp_ctrl\data\top_darjeeling_otp_ctrl.ipconfig.hjson","D:\MyWork\verilog\out\spec_documents_20260514_204108\opentitan\hw\top_darjeeling\ip_autogen\otp_ctrl\data\top_darjeeling_otp_ctrl.ipconfig.hjson","72147"
"doc","D:\MyWork\verilog\dbs\opentitan\hw\top_darjeeling\ip_autogen\otp_ctrl\doc\checklist.md","D:\MyWork\verilog\out\spec_documents_20260514_204108\opentitan\hw\top_darjeeling\ip_autogen\otp_ctrl\doc\checklist.md","21490"
"doc","D:\MyWork\verilog\dbs\opentitan\hw\top_darjeeling\ip_autogen\otp_ctrl\doc\interfaces.md","D:\MyWork\verilog\out\spec_documents_20260514_204108\opentitan\hw\top_darjeeling\ip_autogen\otp_ctrl\doc\interfaces.md","27128"
"doc","D:\MyWork\verilog\dbs\opentitan\hw\top_darjeeling\ip_autogen\otp_ctrl\doc\otp_ctrl_digests.md","D:\MyWork\verilog\out\spec_documents_20260514_204108\opentitan\hw\top_darjeeling\ip_autogen\otp_ctrl\doc\otp_ctrl_digests.md","2616"
"doc","D:\MyWork\verilog\dbs\opentitan\hw\top_darjeeling\ip_autogen\otp_ctrl\doc\otp_ctrl_field_descriptions.md","D:\MyWork\verilog\out\spec_documents_20260514_204108\opentitan\hw\top_darjeeling\ip_autogen\otp_ctrl\doc\otp_ctrl_field_descriptions.md","65736"
"doc","D:\MyWork\verilog\dbs\opentitan\hw\top_darjeeling\ip_autogen\otp_ctrl\doc\otp_ctrl_mmap.md","D:\MyWork\verilog\out\spec_documents_20260514_204108\opentitan\hw\top_darjeeling\ip_autogen\otp_ctrl\doc\otp_ctrl_mmap.md","22402"
"doc","D:\MyWork\verilog\dbs\opentitan\hw\top_darjeeling\ip_autogen\otp_ctrl\doc\otp_ctrl_partitions.md","D:\MyWork\verilog\out\spec_documents_20260514_204108\opentitan\hw\top_darjeeling\ip_autogen\otp_ctrl\doc\otp_ctrl_partitions.md","20706"
"doc","D:\MyWork\verilog\dbs\opentitan\hw\top_darjeeling\ip_autogen\otp_ctrl\doc\programmers_guide.md","D:\MyWork\verilog\out\spec_documents_20260514_204108\opentitan\hw\top_darjeeling\ip_autogen\otp_ctrl\doc\programmers_guide.md","26708"
"doc","D:\MyWork\verilog\dbs\opentitan\hw\top_darjeeling\ip_autogen\otp_ctrl\doc\registers.md","D:\MyWork\verilog\out\spec_documents_20260514_204108\opentitan\hw\top_darjeeling\ip_autogen\otp_ctrl\doc\registers.md","98509"
"doc","D:\MyWork\verilog\dbs\opentitan\hw\top_darjeeling\ip_autogen\otp_ctrl\doc\theory_of_operation.md","D:\MyWork\verilog\out\spec_documents_20260514_204108\opentitan\hw\top_darjeeling\ip_autogen\otp_ctrl\doc\theory_of_operation.md","43706"
"hjson_spec","D:\MyWork\verilog\dbs\opentitan\hw\top_darjeeling\ip_autogen\pinmux\data\pinmux.hjson","D:\MyWork\verilog\out\spec_documents_20260514_204108\opentitan\hw\top_darjeeling\ip_autogen\pinmux\data\pinmux.hjson","37543"
"hjson_spec","D:\MyWork\verilog\dbs\opentitan\hw\top_darjeeling\ip_autogen\pinmux\data\pinmux_fpv_testplan.hjson","D:\MyWork\verilog\out\spec_documents_20260514_204108\opentitan\hw\top_darjeeling\ip_autogen\pinmux\data\pinmux_fpv_testplan.hjson","35553"
"hjson_spec","D:\MyWork\verilog\dbs\opentitan\hw\top_darjeeling\ip_autogen\pinmux\data\pinmux_sec_cm_testplan.hjson","D:\MyWork\verilog\out\spec_documents_20260514_204108\opentitan\hw\top_darjeeling\ip_autogen\pinmux\data\pinmux_sec_cm_testplan.hjson","1347"
"hjson_spec","D:\MyWork\verilog\dbs\opentitan\hw\top_darjeeling\ip_autogen\pinmux\data\top_darjeeling_pinmux.ipconfig.hjson","D:\MyWork\verilog\out\spec_documents_20260514_204108\opentitan\hw\top_darjeeling\ip_autogen\pinmux\data\top_darjeeling_pinmux.ipconfig.hjson","582"
"doc","D:\MyWork\verilog\dbs\opentitan\hw\top_darjeeling\ip_autogen\pinmux\doc\checklist.md","D:\MyWork\verilog\out\spec_documents_20260514_204108\opentitan\hw\top_darjeeling\ip_autogen\pinmux\doc\checklist.md","21589"
"doc","D:\MyWork\verilog\dbs\opentitan\hw\top_darjeeling\ip_autogen\pinmux\doc\interfaces.md","D:\MyWork\verilog\out\spec_documents_20260514_204108\opentitan\hw\top_darjeeling\ip_autogen\pinmux\doc\interfaces.md","5333"
"doc","D:\MyWork\verilog\dbs\opentitan\hw\top_darjeeling\ip_autogen\pinmux\doc\pinout_asic.md","D:\MyWork\verilog\out\spec_documents_20260514_204108\opentitan\hw\top_darjeeling\ip_autogen\pinmux\doc\pinout_asic.md","63387"
"doc","D:\MyWork\verilog\dbs\opentitan\hw\top_darjeeling\ip_autogen\pinmux\doc\programmers_guide.md","D:\MyWork\verilog\out\spec_documents_20260514_204108\opentitan\hw\top_darjeeling\ip_autogen\pinmux\doc\programmers_guide.md","8558"
"doc","D:\MyWork\verilog\dbs\opentitan\hw\top_darjeeling\ip_autogen\pinmux\doc\registers.md","D:\MyWork\verilog\out\spec_documents_20260514_204108\opentitan\hw\top_darjeeling\ip_autogen\pinmux\doc\registers.md","156549"
"doc","D:\MyWork\verilog\dbs\opentitan\hw\top_darjeeling\ip_autogen\pinmux\doc\targets.md","D:\MyWork\verilog\out\spec_documents_20260514_204108\opentitan\hw\top_darjeeling\ip_autogen\pinmux\doc\targets.md","634"
"doc","D:\MyWork\verilog\dbs\opentitan\hw\top_darjeeling\ip_autogen\pinmux\doc\theory_of_operation.md","D:\MyWork\verilog\out\spec_documents_20260514_204108\opentitan\hw\top_darjeeling\ip_autogen\pinmux\doc\theory_of_operation.md","15096"
"doc","D:\MyWork\verilog\dbs\opentitan\hw\top_darjeeling\ip_autogen\pinmux\doc\dv\README.md","D:\MyWork\verilog\out\spec_documents_20260514_204108\opentitan\hw\top_darjeeling\ip_autogen\pinmux\doc\dv\README.md","2123"
"hjson_spec","D:\MyWork\verilog\dbs\opentitan\hw\top_darjeeling\ip_autogen\pwrmgr\data\pwrmgr.hjson","D:\MyWork\verilog\out\spec_documents_20260514_204108\opentitan\hw\top_darjeeling\ip_autogen\pwrmgr\data\pwrmgr.hjson","24568"
"hjson_spec","D:\MyWork\verilog\dbs\opentitan\hw\top_darjeeling\ip_autogen\pwrmgr\data\pwrmgr_sec_cm_testplan.hjson","D:\MyWork\verilog\out\spec_documents_20260514_204108\opentitan\hw\top_darjeeling\ip_autogen\pwrmgr\data\pwrmgr_sec_cm_testplan.hjson","8218"
"hjson_spec","D:\MyWork\verilog\dbs\opentitan\hw\top_darjeeling\ip_autogen\pwrmgr\data\pwrmgr_testplan.hjson","D:\MyWork\verilog\out\spec_documents_20260514_204108\opentitan\hw\top_darjeeling\ip_autogen\pwrmgr\data\pwrmgr_testplan.hjson","14250"
"hjson_spec","D:\MyWork\verilog\dbs\opentitan\hw\top_darjeeling\ip_autogen\pwrmgr\data\top_darjeeling_pwrmgr.ipconfig.hjson","D:\MyWork\verilog\out\spec_documents_20260514_204108\opentitan\hw\top_darjeeling\ip_autogen\pwrmgr\data\top_darjeeling_pwrmgr.ipconfig.hjson","1673"
"doc","D:\MyWork\verilog\dbs\opentitan\hw\top_darjeeling\ip_autogen\pwrmgr\doc\checklist.md","D:\MyWork\verilog\out\spec_documents_20260514_204108\opentitan\hw\top_darjeeling\ip_autogen\pwrmgr\doc\checklist.md","20973"
"doc","D:\MyWork\verilog\dbs\opentitan\hw\top_darjeeling\ip_autogen\pwrmgr\doc\interfaces.md","D:\MyWork\verilog\out\spec_documents_20260514_204108\opentitan\hw\top_darjeeling\ip_autogen\pwrmgr\doc\interfaces.md","6020"
"doc","D:\MyWork\verilog\dbs\opentitan\hw\top_darjeeling\ip_autogen\pwrmgr\doc\programmers_guide.md","D:\MyWork\verilog\out\spec_documents_20260514_204108\opentitan\hw\top_darjeeling\ip_autogen\pwrmgr\doc\programmers_guide.md","5369"
"doc","D:\MyWork\verilog\dbs\opentitan\hw\top_darjeeling\ip_autogen\pwrmgr\doc\registers.md","D:\MyWork\verilog\out\spec_documents_20260514_204108\opentitan\hw\top_darjeeling\ip_autogen\pwrmgr\doc\registers.md","22523"
"doc","D:\MyWork\verilog\dbs\opentitan\hw\top_darjeeling\ip_autogen\pwrmgr\doc\theory_of_operation.md","D:\MyWork\verilog\out\spec_documents_20260514_204108\opentitan\hw\top_darjeeling\ip_autogen\pwrmgr\doc\theory_of_operation.md","18849"
"hjson_spec","D:\MyWork\verilog\dbs\opentitan\hw\top_darjeeling\ip_autogen\racl_ctrl\data\racl_ctrl.hjson","D:\MyWork\verilog\out\spec_documents_20260514_204108\opentitan\hw\top_darjeeling\ip_autogen\racl_ctrl\data\racl_ctrl.hjson","9937"
"hjson_spec","D:\MyWork\verilog\dbs\opentitan\hw\top_darjeeling\ip_autogen\racl_ctrl\data\top_darjeeling_racl_ctrl.ipconfig.hjson","D:\MyWork\verilog\out\spec_documents_20260514_204108\opentitan\hw\top_darjeeling\ip_autogen\racl_ctrl\data\top_darjeeling_racl_ctrl.ipconfig.hjson","1467"
"doc","D:\MyWork\verilog\dbs\opentitan\hw\top_darjeeling\ip_autogen\racl_ctrl\doc\checklist.md","D:\MyWork\verilog\out\spec_documents_20260514_204108\opentitan\hw\top_darjeeling\ip_autogen\racl_ctrl\doc\checklist.md","19528"
"doc","D:\MyWork\verilog\dbs\opentitan\hw\top_darjeeling\ip_autogen\racl_ctrl\doc\interfaces.md","D:\MyWork\verilog\out\spec_documents_20260514_204108\opentitan\hw\top_darjeeling\ip_autogen\racl_ctrl\doc\interfaces.md","2919"
"doc","D:\MyWork\verilog\dbs\opentitan\hw\top_darjeeling\ip_autogen\racl_ctrl\doc\programmers_guide.md","D:\MyWork\verilog\out\spec_documents_20260514_204108\opentitan\hw\top_darjeeling\ip_autogen\racl_ctrl\doc\programmers_guide.md","2649"
"doc","D:\MyWork\verilog\dbs\opentitan\hw\top_darjeeling\ip_autogen\racl_ctrl\doc\racl_configuration.md","D:\MyWork\verilog\out\spec_documents_20260514_204108\opentitan\hw\top_darjeeling\ip_autogen\racl_ctrl\doc\racl_configuration.md","32539"
"doc","D:\MyWork\verilog\dbs\opentitan\hw\top_darjeeling\ip_autogen\racl_ctrl\doc\registers.md","D:\MyWork\verilog\out\spec_documents_20260514_204108\opentitan\hw\top_darjeeling\ip_autogen\racl_ctrl\doc\registers.md","10898"
"doc","D:\MyWork\verilog\dbs\opentitan\hw\top_darjeeling\ip_autogen\racl_ctrl\doc\theory_of_operation.md","D:\MyWork\verilog\out\spec_documents_20260514_204108\opentitan\hw\top_darjeeling\ip_autogen\racl_ctrl\doc\theory_of_operation.md","1614"
"hjson_spec","D:\MyWork\verilog\dbs\opentitan\hw\top_darjeeling\ip_autogen\rstmgr\data\rstmgr.cfg.example.hjson","D:\MyWork\verilog\out\spec_documents_20260514_204108\opentitan\hw\top_darjeeling\ip_autogen\rstmgr\data\rstmgr.cfg.example.hjson","2639"
"hjson_spec","D:\MyWork\verilog\dbs\opentitan\hw\top_darjeeling\ip_autogen\rstmgr\data\rstmgr.hjson","D:\MyWork\verilog\out\spec_documents_20260514_204108\opentitan\hw\top_darjeeling\ip_autogen\rstmgr\data\rstmgr.hjson","17659"
"hjson_spec","D:\MyWork\verilog\dbs\opentitan\hw\top_darjeeling\ip_autogen\rstmgr\data\rstmgr_sec_cm_testplan.hjson","D:\MyWork\verilog\out\spec_documents_20260514_204108\opentitan\hw\top_darjeeling\ip_autogen\rstmgr\data\rstmgr_sec_cm_testplan.hjson","3910"
"hjson_spec","D:\MyWork\verilog\dbs\opentitan\hw\top_darjeeling\ip_autogen\rstmgr\data\rstmgr_testplan.hjson","D:\MyWork\verilog\out\spec_documents_20260514_204108\opentitan\hw\top_darjeeling\ip_autogen\rstmgr\data\rstmgr_testplan.hjson","9004"
"hjson_spec","D:\MyWork\verilog\dbs\opentitan\hw\top_darjeeling\ip_autogen\rstmgr\data\top_darjeeling_rstmgr.ipconfig.hjson","D:\MyWork\verilog\out\spec_documents_20260514_204108\opentitan\hw\top_darjeeling\ip_autogen\rstmgr\data\top_darjeeling_rstmgr.ipconfig.hjson","6678"
"doc","D:\MyWork\verilog\dbs\opentitan\hw\top_darjeeling\ip_autogen\rstmgr\doc\checklist.md","D:\MyWork\verilog\out\spec_documents_20260514_204108\opentitan\hw\top_darjeeling\ip_autogen\rstmgr\doc\checklist.md","20949"
"doc","D:\MyWork\verilog\dbs\opentitan\hw\top_darjeeling\ip_autogen\rstmgr\doc\interfaces.md","D:\MyWork\verilog\out\spec_documents_20260514_204108\opentitan\hw\top_darjeeling\ip_autogen\rstmgr\doc\interfaces.md","5634"
"doc","D:\MyWork\verilog\dbs\opentitan\hw\top_darjeeling\ip_autogen\rstmgr\doc\programmers_guide.md","D:\MyWork\verilog\out\spec_documents_20260514_204108\opentitan\hw\top_darjeeling\ip_autogen\rstmgr\doc\programmers_guide.md","143"
"doc","D:\MyWork\verilog\dbs\opentitan\hw\top_darjeeling\ip_autogen\rstmgr\doc\registers.md","D:\MyWork\verilog\out\spec_documents_20260514_204108\opentitan\hw\top_darjeeling\ip_autogen\rstmgr\doc\registers.md","16611"
"doc","D:\MyWork\verilog\dbs\opentitan\hw\top_darjeeling\ip_autogen\rstmgr\doc\theory_of_operation.md","D:\MyWork\verilog\out\spec_documents_20260514_204108\opentitan\hw\top_darjeeling\ip_autogen\rstmgr\doc\theory_of_operation.md","18902"
"hjson_spec","D:\MyWork\verilog\dbs\opentitan\hw\top_darjeeling\ip_autogen\rstmgr\dv\rstmgr_cnsty_chk\data\rstmgr_cnsty_chk_testplan.hjson","D:\MyWork\verilog\out\spec_documents_20260514_204108\opentitan\hw\top_darjeeling\ip_autogen\rstmgr\dv\rstmgr_cnsty_chk\data\rstmgr_cnsty_chk_testplan.hjson","1131"
"hjson_spec","D:\MyWork\verilog\dbs\opentitan\hw\top_darjeeling\ip_autogen\rv_core_ibex\data\rv_core_ibex.hjson","D:\MyWork\verilog\out\spec_documents_20260514_204108\opentitan\hw\top_darjeeling\ip_autogen\rv_core_ibex\data\rv_core_ibex.hjson","32907"
"hjson_spec","D:\MyWork\verilog\dbs\opentitan\hw\top_darjeeling\ip_autogen\rv_core_ibex\data\rv_core_ibex_sec_cm_testplan.hjson","D:\MyWork\verilog\out\spec_documents_20260514_204108\opentitan\hw\top_darjeeling\ip_autogen\rv_core_ibex\data\rv_core_ibex_sec_cm_testplan.hjson","3289"
"hjson_spec","D:\MyWork\verilog\dbs\opentitan\hw\top_darjeeling\ip_autogen\rv_core_ibex\data\rv_core_ibex_testplan.hjson","D:\MyWork\verilog\out\spec_documents_20260514_204108\opentitan\hw\top_darjeeling\ip_autogen\rv_core_ibex\data\rv_core_ibex_testplan.hjson","13040"
"hjson_spec","D:\MyWork\verilog\dbs\opentitan\hw\top_darjeeling\ip_autogen\rv_core_ibex\data\top_darjeeling_rv_core_ibex.ipconfig.hjson","D:\MyWork\verilog\out\spec_documents_20260514_204108\opentitan\hw\top_darjeeling\ip_autogen\rv_core_ibex\data\top_darjeeling_rv_core_ibex.ipconfig.hjson","543"
"doc","D:\MyWork\verilog\dbs\opentitan\hw\top_darjeeling\ip_autogen\rv_core_ibex\doc\boot-rom-patching.md","D:\MyWork\verilog\out\spec_documents_20260514_204108\opentitan\hw\top_darjeeling\ip_autogen\rv_core_ibex\doc\boot-rom-patching.md","27219"
"doc","D:\MyWork\verilog\dbs\opentitan\hw\top_darjeeling\ip_autogen\rv_core_ibex\doc\checklist.md","D:\MyWork\verilog\out\spec_documents_20260514_204108\opentitan\hw\top_darjeeling\ip_autogen\rv_core_ibex\doc\checklist.md","9436"
"doc","D:\MyWork\verilog\dbs\opentitan\hw\top_darjeeling\ip_autogen\rv_core_ibex\doc\interfaces.md","D:\MyWork\verilog\out\spec_documents_20260514_204108\opentitan\hw\top_darjeeling\ip_autogen\rv_core_ibex\doc\interfaces.md","13474"
"doc","D:\MyWork\verilog\dbs\opentitan\hw\top_darjeeling\ip_autogen\rv_core_ibex\doc\programmers_guide.md","D:\MyWork\verilog\out\spec_documents_20260514_204108\opentitan\hw\top_darjeeling\ip_autogen\rv_core_ibex\doc\programmers_guide.md","149"
"doc","D:\MyWork\verilog\dbs\opentitan\hw\top_darjeeling\ip_autogen\rv_core_ibex\doc\registers.md","D:\MyWork\verilog\out\spec_documents_20260514_204108\opentitan\hw\top_darjeeling\ip_autogen\rv_core_ibex\doc\registers.md","70674"
"doc","D:\MyWork\verilog\dbs\opentitan\hw\top_darjeeling\ip_autogen\rv_core_ibex\doc\theory_of_operation.md","D:\MyWork\verilog\out\spec_documents_20260514_204108\opentitan\hw\top_darjeeling\ip_autogen\rv_core_ibex\doc\theory_of_operation.md","6784"
"hjson_spec","D:\MyWork\verilog\dbs\opentitan\hw\top_darjeeling\ip_autogen\rv_plic\data\rv_plic.hjson","D:\MyWork\verilog\out\spec_documents_20260514_204108\opentitan\hw\top_darjeeling\ip_autogen\rv_plic\data\rv_plic.hjson","5924"
"hjson_spec","D:\MyWork\verilog\dbs\opentitan\hw\top_darjeeling\ip_autogen\rv_plic\data\rv_plic_fpv_testplan.hjson","D:\MyWork\verilog\out\spec_documents_20260514_204108\opentitan\hw\top_darjeeling\ip_autogen\rv_plic\data\rv_plic_fpv_testplan.hjson","2900"
"hjson_spec","D:\MyWork\verilog\dbs\opentitan\hw\top_darjeeling\ip_autogen\rv_plic\data\rv_plic_sec_cm_testplan.hjson","D:\MyWork\verilog\out\spec_documents_20260514_204108\opentitan\hw\top_darjeeling\ip_autogen\rv_plic\data\rv_plic_sec_cm_testplan.hjson","1351"
"hjson_spec","D:\MyWork\verilog\dbs\opentitan\hw\top_darjeeling\ip_autogen\rv_plic\data\top_darjeeling_rv_plic.ipconfig.hjson","D:\MyWork\verilog\out\spec_documents_20260514_204108\opentitan\hw\top_darjeeling\ip_autogen\rv_plic\data\top_darjeeling_rv_plic.ipconfig.hjson","535"
"doc","D:\MyWork\verilog\dbs\opentitan\hw\top_darjeeling\ip_autogen\rv_plic\doc\checklist.md","D:\MyWork\verilog\out\spec_documents_20260514_204108\opentitan\hw\top_darjeeling\ip_autogen\rv_plic\doc\checklist.md","20657"
"doc","D:\MyWork\verilog\dbs\opentitan\hw\top_darjeeling\ip_autogen\rv_plic\doc\programmers_guide.md","D:\MyWork\verilog\out\spec_documents_20260514_204108\opentitan\hw\top_darjeeling\ip_autogen\rv_plic\doc\programmers_guide.md","3442"
"doc","D:\MyWork\verilog\dbs\opentitan\hw\top_darjeeling\ip_autogen\rv_plic\doc\theory_of_operation.md","D:\MyWork\verilog\out\spec_documents_20260514_204108\opentitan\hw\top_darjeeling\ip_autogen\rv_plic\doc\theory_of_operation.md","6326"
"doc","D:\MyWork\verilog\dbs\opentitan\hw\top_darjeeling\ip_autogen\rv_plic\doc\dv\README.md","D:\MyWork\verilog\out\spec_documents_20260514_204108\opentitan\hw\top_darjeeling\ip_autogen\rv_plic\doc\dv\README.md","1897"
"hjson_spec","D:\MyWork\verilog\dbs\opentitan\hw\top_earlgrey\data\chip_conn_testplan.hjson","D:\MyWork\verilog\out\spec_documents_20260514_204108\opentitan\hw\top_earlgrey\data\chip_conn_testplan.hjson","49976"
"hjson_spec","D:\MyWork\verilog\dbs\opentitan\hw\top_earlgrey\data\chip_testplan.hjson","D:\MyWork\verilog\out\spec_documents_20260514_204108\opentitan\hw\top_earlgrey\data\chip_testplan.hjson","36152"
"hjson_spec","D:\MyWork\verilog\dbs\opentitan\hw\top_earlgrey\data\top_earlgrey.hjson","D:\MyWork\verilog\out\spec_documents_20260514_204108\opentitan\hw\top_earlgrey\data\top_earlgrey.hjson","80552"
"hjson_spec","D:\MyWork\verilog\dbs\opentitan\hw\top_earlgrey\data\top_earlgrey_seed.testing.hjson","D:\MyWork\verilog\out\spec_documents_20260514_204108\opentitan\hw\top_earlgrey\data\top_earlgrey_seed.testing.hjson","925"
"hjson_spec","D:\MyWork\verilog\dbs\opentitan\hw\top_earlgrey\data\xbar_main.hjson","D:\MyWork\verilog\out\spec_documents_20260514_204108\opentitan\hw\top_earlgrey\data\xbar_main.hjson","7622"
"hjson_spec","D:\MyWork\verilog\dbs\opentitan\hw\top_earlgrey\data\xbar_peri.hjson","D:\MyWork\verilog\out\spec_documents_20260514_204108\opentitan\hw\top_earlgrey\data\xbar_peri.hjson","5364"
"hjson_spec","D:\MyWork\verilog\dbs\opentitan\hw\top_earlgrey\data\autogen\top_earlgrey.gen.hjson","D:\MyWork\verilog\out\spec_documents_20260514_204108\opentitan\hw\top_earlgrey\data\autogen\top_earlgrey.gen.hjson","667411"
"hjson_spec","D:\MyWork\verilog\dbs\opentitan\hw\top_earlgrey\data\autogen\top_earlgrey.secrets.testing.gen.hjson","D:\MyWork\verilog\out\spec_documents_20260514_204108\opentitan\hw\top_earlgrey\data\autogen\top_earlgrey.secrets.testing.gen.hjson","129801"
"hjson_spec","D:\MyWork\verilog\dbs\opentitan\hw\top_earlgrey\data\ip\chip_adc_ctrl_testplan.hjson","D:\MyWork\verilog\out\spec_documents_20260514_204108\opentitan\hw\top_earlgrey\data\ip\chip_adc_ctrl_testplan.hjson","3748"
"hjson_spec","D:\MyWork\verilog\dbs\opentitan\hw\top_earlgrey\data\ip\chip_aes_testplan.hjson","D:\MyWork\verilog\out\spec_documents_20260514_204108\opentitan\hw\top_earlgrey\data\ip\chip_aes_testplan.hjson","18956"
"hjson_spec","D:\MyWork\verilog\dbs\opentitan\hw\top_earlgrey\data\ip\chip_alert_handler_testplan.hjson","D:\MyWork\verilog\out\spec_documents_20260514_204108\opentitan\hw\top_earlgrey\data\ip\chip_alert_handler_testplan.hjson","15168"
"hjson_spec","D:\MyWork\verilog\dbs\opentitan\hw\top_earlgrey\data\ip\chip_aon_timer_testplan.hjson","D:\MyWork\verilog\out\spec_documents_20260514_204108\opentitan\hw\top_earlgrey\data\ip\chip_aon_timer_testplan.hjson","6640"
"hjson_spec","D:\MyWork\verilog\dbs\opentitan\hw\top_earlgrey\data\ip\chip_clkmgr_testplan.hjson","D:\MyWork\verilog\out\spec_documents_20260514_204108\opentitan\hw\top_earlgrey\data\ip\chip_clkmgr_testplan.hjson","16318"
"hjson_spec","D:\MyWork\verilog\dbs\opentitan\hw\top_earlgrey\data\ip\chip_csrng_testplan.hjson","D:\MyWork\verilog\out\spec_documents_20260514_204108\opentitan\hw\top_earlgrey\data\ip\chip_csrng_testplan.hjson","5657"
"hjson_spec","D:\MyWork\verilog\dbs\opentitan\hw\top_earlgrey\data\ip\chip_edn_testplan.hjson","D:\MyWork\verilog\out\spec_documents_20260514_204108\opentitan\hw\top_earlgrey\data\ip\chip_edn_testplan.hjson","9152"
"hjson_spec","D:\MyWork\verilog\dbs\opentitan\hw\top_earlgrey\data\ip\chip_entropy_src_testplan.hjson","D:\MyWork\verilog\out\spec_documents_20260514_204108\opentitan\hw\top_earlgrey\data\ip\chip_entropy_src_testplan.hjson","14750"
"hjson_spec","D:\MyWork\verilog\dbs\opentitan\hw\top_earlgrey\data\ip\chip_flash_ctrl_testplan.hjson","D:\MyWork\verilog\out\spec_documents_20260514_204108\opentitan\hw\top_earlgrey\data\ip\chip_flash_ctrl_testplan.hjson","15777"
"hjson_spec","D:\MyWork\verilog\dbs\opentitan\hw\top_earlgrey\data\ip\chip_gpio_testplan.hjson","D:\MyWork\verilog\out\spec_documents_20260514_204108\opentitan\hw\top_earlgrey\data\ip\chip_gpio_testplan.hjson","1874"
"hjson_spec","D:\MyWork\verilog\dbs\opentitan\hw\top_earlgrey\data\ip\chip_hmac_testplan.hjson","D:\MyWork\verilog\out\spec_documents_20260514_204108\opentitan\hw\top_earlgrey\data\ip\chip_hmac_testplan.hjson","8076"
"hjson_spec","D:\MyWork\verilog\dbs\opentitan\hw\top_earlgrey\data\ip\chip_i2c_testplan.hjson","D:\MyWork\verilog\out\spec_documents_20260514_204108\opentitan\hw\top_earlgrey\data\ip\chip_i2c_testplan.hjson","8379"
"hjson_spec","D:\MyWork\verilog\dbs\opentitan\hw\top_earlgrey\data\ip\chip_keymgr_testplan.hjson","D:\MyWork\verilog\out\spec_documents_20260514_204108\opentitan\hw\top_earlgrey\data\ip\chip_keymgr_testplan.hjson","9088"
"hjson_spec","D:\MyWork\verilog\dbs\opentitan\hw\top_earlgrey\data\ip\chip_kmac_testplan.hjson","D:\MyWork\verilog\out\spec_documents_20260514_204108\opentitan\hw\top_earlgrey\data\ip\chip_kmac_testplan.hjson","12368"
"hjson_spec","D:\MyWork\verilog\dbs\opentitan\hw\top_earlgrey\data\ip\chip_lc_ctrl_testplan.hjson","D:\MyWork\verilog\out\spec_documents_20260514_204108\opentitan\hw\top_earlgrey\data\ip\chip_lc_ctrl_testplan.hjson","16737"
"hjson_spec","D:\MyWork\verilog\dbs\opentitan\hw\top_earlgrey\data\ip\chip_otbn_testplan.hjson","D:\MyWork\verilog\out\spec_documents_20260514_204108\opentitan\hw\top_earlgrey\data\ip\chip_otbn_testplan.hjson","6844"
"hjson_spec","D:\MyWork\verilog\dbs\opentitan\hw\top_earlgrey\data\ip\chip_otp_ctrl_testplan.hjson","D:\MyWork\verilog\out\spec_documents_20260514_204108\opentitan\hw\top_earlgrey\data\ip\chip_otp_ctrl_testplan.hjson","13108"
"hjson_spec","D:\MyWork\verilog\dbs\opentitan\hw\top_earlgrey\data\ip\chip_pwm_testplan.hjson","D:\MyWork\verilog\out\spec_documents_20260514_204108\opentitan\hw\top_earlgrey\data\ip\chip_pwm_testplan.hjson","784"
"hjson_spec","D:\MyWork\verilog\dbs\opentitan\hw\top_earlgrey\data\ip\chip_pwrmgr_testplan.hjson","D:\MyWork\verilog\out\spec_documents_20260514_204108\opentitan\hw\top_earlgrey\data\ip\chip_pwrmgr_testplan.hjson","22064"
"hjson_spec","D:\MyWork\verilog\dbs\opentitan\hw\top_earlgrey\data\ip\chip_rom_ctrl_testplan.hjson","D:\MyWork\verilog\out\spec_documents_20260514_204108\opentitan\hw\top_earlgrey\data\ip\chip_rom_ctrl_testplan.hjson","3544"
"hjson_spec","D:\MyWork\verilog\dbs\opentitan\hw\top_earlgrey\data\ip\chip_rstmgr_testplan.hjson","D:\MyWork\verilog\out\spec_documents_20260514_204108\opentitan\hw\top_earlgrey\data\ip\chip_rstmgr_testplan.hjson","10224"
"hjson_spec","D:\MyWork\verilog\dbs\opentitan\hw\top_earlgrey\data\ip\chip_rv_core_ibex_testplan.hjson","D:\MyWork\verilog\out\spec_documents_20260514_204108\opentitan\hw\top_earlgrey\data\ip\chip_rv_core_ibex_testplan.hjson","9718"
"hjson_spec","D:\MyWork\verilog\dbs\opentitan\hw\top_earlgrey\data\ip\chip_rv_dm_testplan.hjson","D:\MyWork\verilog\out\spec_documents_20260514_204108\opentitan\hw\top_earlgrey\data\ip\chip_rv_dm_testplan.hjson","16417"
"hjson_spec","D:\MyWork\verilog\dbs\opentitan\hw\top_earlgrey\data\ip\chip_rv_plic_testplan.hjson","D:\MyWork\verilog\out\spec_documents_20260514_204108\opentitan\hw\top_earlgrey\data\ip\chip_rv_plic_testplan.hjson","2356"
"hjson_spec","D:\MyWork\verilog\dbs\opentitan\hw\top_earlgrey\data\ip\chip_rv_timer_testplan.hjson","D:\MyWork\verilog\out\spec_documents_20260514_204108\opentitan\hw\top_earlgrey\data\ip\chip_rv_timer_testplan.hjson","2615"
"hjson_spec","D:\MyWork\verilog\dbs\opentitan\hw\top_earlgrey\data\ip\chip_spi_device_testplan.hjson","D:\MyWork\verilog\out\spec_documents_20260514_204108\opentitan\hw\top_earlgrey\data\ip\chip_spi_device_testplan.hjson","7727"
"hjson_spec","D:\MyWork\verilog\dbs\opentitan\hw\top_earlgrey\data\ip\chip_spi_host_testplan.hjson","D:\MyWork\verilog\out\spec_documents_20260514_204108\opentitan\hw\top_earlgrey\data\ip\chip_spi_host_testplan.hjson","4470"
"hjson_spec","D:\MyWork\verilog\dbs\opentitan\hw\top_earlgrey\data\ip\chip_sram_ctrl_testplan.hjson","D:\MyWork\verilog\out\spec_documents_20260514_204108\opentitan\hw\top_earlgrey\data\ip\chip_sram_ctrl_testplan.hjson","9142"
"hjson_spec","D:\MyWork\verilog\dbs\opentitan\hw\top_earlgrey\data\ip\chip_sysrst_ctrl_testplan.hjson","D:\MyWork\verilog\out\spec_documents_20260514_204108\opentitan\hw\top_earlgrey\data\ip\chip_sysrst_ctrl_testplan.hjson","10283"
"hjson_spec","D:\MyWork\verilog\dbs\opentitan\hw\top_earlgrey\data\ip\chip_uart_testplan.hjson","D:\MyWork\verilog\out\spec_documents_20260514_204108\opentitan\hw\top_earlgrey\data\ip\chip_uart_testplan.hjson","6374"
"hjson_spec","D:\MyWork\verilog\dbs\opentitan\hw\top_earlgrey\data\ip\chip_usbdev_testplan.hjson","D:\MyWork\verilog\out\spec_documents_20260514_204108\opentitan\hw\top_earlgrey\data\ip\chip_usbdev_testplan.hjson","18621"
"hjson_spec","D:\MyWork\verilog\dbs\opentitan\hw\top_earlgrey\data\otp\otp_ctrl_img_creator_sw_cfg.hjson","D:\MyWork\verilog\out\spec_documents_20260514_204108\opentitan\hw\top_earlgrey\data\otp\otp_ctrl_img_creator_sw_cfg.hjson","5507"
"hjson_spec","D:\MyWork\verilog\dbs\opentitan\hw\top_earlgrey\data\otp\otp_ctrl_img_dev.hjson","D:\MyWork\verilog\out\spec_documents_20260514_204108\opentitan\hw\top_earlgrey\data\otp\otp_ctrl_img_dev.hjson","2170"
"hjson_spec","D:\MyWork\verilog\dbs\opentitan\hw\top_earlgrey\data\otp\otp_ctrl_img_hw_cfg.hjson","D:\MyWork\verilog\out\spec_documents_20260514_204108\opentitan\hw\top_earlgrey\data\otp\otp_ctrl_img_hw_cfg.hjson","1458"
"hjson_spec","D:\MyWork\verilog\dbs\opentitan\hw\top_earlgrey\data\otp\otp_ctrl_img_owner_sw_cfg.hjson","D:\MyWork\verilog\out\spec_documents_20260514_204108\opentitan\hw\top_earlgrey\data\otp\otp_ctrl_img_owner_sw_cfg.hjson","7706"
"hjson_spec","D:\MyWork\verilog\dbs\opentitan\hw\top_earlgrey\data\otp\otp_ctrl_img_prod.hjson","D:\MyWork\verilog\out\spec_documents_20260514_204108\opentitan\hw\top_earlgrey\data\otp\otp_ctrl_img_prod.hjson","2171"
"hjson_spec","D:\MyWork\verilog\dbs\opentitan\hw\top_earlgrey\data\otp\otp_ctrl_img_raw.hjson","D:\MyWork\verilog\out\spec_documents_20260514_204108\opentitan\hw\top_earlgrey\data\otp\otp_ctrl_img_raw.hjson","791"
"hjson_spec","D:\MyWork\verilog\dbs\opentitan\hw\top_earlgrey\data\otp\otp_ctrl_img_rma.hjson","D:\MyWork\verilog\out\spec_documents_20260514_204108\opentitan\hw\top_earlgrey\data\otp\otp_ctrl_img_rma.hjson","2170"
"hjson_spec","D:\MyWork\verilog\dbs\opentitan\hw\top_earlgrey\data\otp\otp_ctrl_img_test_locked0.hjson","D:\MyWork\verilog\out\spec_documents_20260514_204108\opentitan\hw\top_earlgrey\data\otp\otp_ctrl_img_test_locked0.hjson","1150"
"hjson_spec","D:\MyWork\verilog\dbs\opentitan\hw\top_earlgrey\data\otp\otp_ctrl_img_test_locked1.hjson","D:\MyWork\verilog\out\spec_documents_20260514_204108\opentitan\hw\top_earlgrey\data\otp\otp_ctrl_img_test_locked1.hjson","1150"
"hjson_spec","D:\MyWork\verilog\dbs\opentitan\hw\top_earlgrey\data\otp\otp_ctrl_img_test_unlocked0.hjson","D:\MyWork\verilog\out\spec_documents_20260514_204108\opentitan\hw\top_earlgrey\data\otp\otp_ctrl_img_test_unlocked0.hjson","1152"
"hjson_spec","D:\MyWork\verilog\dbs\opentitan\hw\top_earlgrey\data\otp\otp_ctrl_img_test_unlocked1.hjson","D:\MyWork\verilog\out\spec_documents_20260514_204108\opentitan\hw\top_earlgrey\data\otp\otp_ctrl_img_test_unlocked1.hjson","1152"
"hjson_spec","D:\MyWork\verilog\dbs\opentitan\hw\top_earlgrey\data\otp\otp_ctrl_img_test_unlocked2.hjson","D:\MyWork\verilog\out\spec_documents_20260514_204108\opentitan\hw\top_earlgrey\data\otp\otp_ctrl_img_test_unlocked2.hjson","1152"
"hjson_spec","D:\MyWork\verilog\dbs\opentitan\hw\top_earlgrey\data\otp\otp_ctrl_mmap.hjson","D:\MyWork\verilog\out\spec_documents_20260514_204108\opentitan\hw\top_earlgrey\data\otp\otp_ctrl_mmap.hjson","56942"
"doc","D:\MyWork\verilog\dbs\opentitan\hw\top_earlgrey\doc\datasheet.md","D:\MyWork\verilog\out\spec_documents_20260514_204108\opentitan\hw\top_earlgrey\doc\datasheet.md","5214"
"doc","D:\MyWork\verilog\dbs\opentitan\hw\top_earlgrey\doc\memory_map.md","D:\MyWork\verilog\out\spec_documents_20260514_204108\opentitan\hw\top_earlgrey\doc\memory_map.md","6763"
"doc","D:\MyWork\verilog\dbs\opentitan\hw\top_earlgrey\doc\design\README.md","D:\MyWork\verilog\out\spec_documents_20260514_204108\opentitan\hw\top_earlgrey\doc\design\README.md","38562"
"hjson_spec","D:\MyWork\verilog\dbs\opentitan\hw\top_earlgrey\ip\ast\data\ast.hjson","D:\MyWork\verilog\out\spec_documents_20260514_204108\opentitan\hw\top_earlgrey\ip\ast\data\ast.hjson","21325"
"doc","D:\MyWork\verilog\dbs\opentitan\hw\top_earlgrey\ip\ast\doc\interfaces.md","D:\MyWork\verilog\out\spec_documents_20260514_204108\opentitan\hw\top_earlgrey\ip\ast\doc\interfaces.md","79471"
"hjson_spec","D:\MyWork\verilog\dbs\opentitan\hw\top_earlgrey\ip\sensor_ctrl\data\sensor_ctrl.hjson","D:\MyWork\verilog\out\spec_documents_20260514_204108\opentitan\hw\top_earlgrey\ip\sensor_ctrl\data\sensor_ctrl.hjson","12170"
"doc","D:\MyWork\verilog\dbs\opentitan\hw\top_earlgrey\ip\sensor_ctrl\doc\checklist.md","D:\MyWork\verilog\out\spec_documents_20260514_204108\opentitan\hw\top_earlgrey\ip\sensor_ctrl\doc\checklist.md","8698"
"doc","D:\MyWork\verilog\dbs\opentitan\hw\top_earlgrey\ip\sensor_ctrl\doc\interfaces.md","D:\MyWork\verilog\out\spec_documents_20260514_204108\opentitan\hw\top_earlgrey\ip\sensor_ctrl\doc\interfaces.md","2304"
"doc","D:\MyWork\verilog\dbs\opentitan\hw\top_earlgrey\ip\sensor_ctrl\doc\programmers_guide.md","D:\MyWork\verilog\out\spec_documents_20260514_204108\opentitan\hw\top_earlgrey\ip\sensor_ctrl\doc\programmers_guide.md","499"
"doc","D:\MyWork\verilog\dbs\opentitan\hw\top_earlgrey\ip\sensor_ctrl\doc\registers.md","D:\MyWork\verilog\out\spec_documents_20260514_204108\opentitan\hw\top_earlgrey\ip\sensor_ctrl\doc\registers.md","29921"
"doc","D:\MyWork\verilog\dbs\opentitan\hw\top_earlgrey\ip\sensor_ctrl\doc\theory_of_operation.md","D:\MyWork\verilog\out\spec_documents_20260514_204108\opentitan\hw\top_earlgrey\ip\sensor_ctrl\doc\theory_of_operation.md","2216"
"doc","D:\MyWork\verilog\dbs\opentitan\hw\top_earlgrey\ip\xbar\doc\checklist.md","D:\MyWork\verilog\out\spec_documents_20260514_204108\opentitan\hw\top_earlgrey\ip\xbar\doc\checklist.md","21189"
"hjson_spec","D:\MyWork\verilog\dbs\opentitan\hw\top_earlgrey\ip\xbar_main\data\autogen\xbar_main.gen.hjson","D:\MyWork\verilog\out\spec_documents_20260514_204108\opentitan\hw\top_earlgrey\ip\xbar_main\data\autogen\xbar_main.gen.hjson","19808"
"hjson_spec","D:\MyWork\verilog\dbs\opentitan\hw\top_earlgrey\ip\xbar_main\data\autogen\xbar_main.hjson","D:\MyWork\verilog\out\spec_documents_20260514_204108\opentitan\hw\top_earlgrey\ip\xbar_main\data\autogen\xbar_main.hjson","3989"
"hjson_spec","D:\MyWork\verilog\dbs\opentitan\hw\top_earlgrey\ip\xbar_peri\data\autogen\xbar_peri.gen.hjson","D:\MyWork\verilog\out\spec_documents_20260514_204108\opentitan\hw\top_earlgrey\ip\xbar_peri\data\autogen\xbar_peri.gen.hjson","18638"
"hjson_spec","D:\MyWork\verilog\dbs\opentitan\hw\top_earlgrey\ip\xbar_peri\data\autogen\xbar_peri.hjson","D:\MyWork\verilog\out\spec_documents_20260514_204108\opentitan\hw\top_earlgrey\ip\xbar_peri\data\autogen\xbar_peri.hjson","4101"
"hjson_spec","D:\MyWork\verilog\dbs\opentitan\hw\top_earlgrey\ip_autogen\alert_handler\data\alert_handler.hjson","D:\MyWork\verilog\out\spec_documents_20260514_204108\opentitan\hw\top_earlgrey\ip_autogen\alert_handler\data\alert_handler.hjson","71937"
"hjson_spec","D:\MyWork\verilog\dbs\opentitan\hw\top_earlgrey\ip_autogen\alert_handler\data\alert_handler_sec_cm_testplan.hjson","D:\MyWork\verilog\out\spec_documents_20260514_204108\opentitan\hw\top_earlgrey\ip_autogen\alert_handler\data\alert_handler_sec_cm_testplan.hjson","5216"
"hjson_spec","D:\MyWork\verilog\dbs\opentitan\hw\top_earlgrey\ip_autogen\alert_handler\data\alert_handler_testplan.hjson","D:\MyWork\verilog\out\spec_documents_20260514_204108\opentitan\hw\top_earlgrey\ip_autogen\alert_handler\data\alert_handler_testplan.hjson","10509"
"hjson_spec","D:\MyWork\verilog\dbs\opentitan\hw\top_earlgrey\ip_autogen\alert_handler\data\top_earlgrey_alert_handler.ipconfig.hjson","D:\MyWork\verilog\out\spec_documents_20260514_204108\opentitan\hw\top_earlgrey\ip_autogen\alert_handler\data\top_earlgrey_alert_handler.ipconfig.hjson","2179"
"doc","D:\MyWork\verilog\dbs\opentitan\hw\top_earlgrey\ip_autogen\alert_handler\doc\checklist.md","D:\MyWork\verilog\out\spec_documents_20260514_204108\opentitan\hw\top_earlgrey\ip_autogen\alert_handler\doc\checklist.md","20903"
"doc","D:\MyWork\verilog\dbs\opentitan\hw\top_earlgrey\ip_autogen\alert_handler\doc\programmers_guide.md","D:\MyWork\verilog\out\spec_documents_20260514_204108\opentitan\hw\top_earlgrey\ip_autogen\alert_handler\doc\programmers_guide.md","9898"
"doc","D:\MyWork\verilog\dbs\opentitan\hw\top_earlgrey\ip_autogen\alert_handler\doc\theory_of_operation.md","D:\MyWork\verilog\out\spec_documents_20260514_204108\opentitan\hw\top_earlgrey\ip_autogen\alert_handler\doc\theory_of_operation.md","52787"
"hjson_spec","D:\MyWork\verilog\dbs\opentitan\hw\top_earlgrey\ip_autogen\clkmgr\data\clkmgr.hjson","D:\MyWork\verilog\out\spec_documents_20260514_204108\opentitan\hw\top_earlgrey\ip_autogen\clkmgr\data\clkmgr.hjson","29710"
"hjson_spec","D:\MyWork\verilog\dbs\opentitan\hw\top_earlgrey\ip_autogen\clkmgr\data\clkmgr_sec_cm_testplan.hjson","D:\MyWork\verilog\out\spec_documents_20260514_204108\opentitan\hw\top_earlgrey\ip_autogen\clkmgr\data\clkmgr_sec_cm_testplan.hjson","7487"
"hjson_spec","D:\MyWork\verilog\dbs\opentitan\hw\top_earlgrey\ip_autogen\clkmgr\data\clkmgr_testplan.hjson","D:\MyWork\verilog\out\spec_documents_20260514_204108\opentitan\hw\top_earlgrey\ip_autogen\clkmgr\data\clkmgr_testplan.hjson","13642"
"hjson_spec","D:\MyWork\verilog\dbs\opentitan\hw\top_earlgrey\ip_autogen\clkmgr\data\top_earlgrey_clkmgr.ipconfig.hjson","D:\MyWork\verilog\out\spec_documents_20260514_204108\opentitan\hw\top_earlgrey\ip_autogen\clkmgr\data\top_earlgrey_clkmgr.ipconfig.hjson","5125"
"doc","D:\MyWork\verilog\dbs\opentitan\hw\top_earlgrey\ip_autogen\clkmgr\doc\checklist.md","D:\MyWork\verilog\out\spec_documents_20260514_204108\opentitan\hw\top_earlgrey\ip_autogen\clkmgr\doc\checklist.md","21187"
"doc","D:\MyWork\verilog\dbs\opentitan\hw\top_earlgrey\ip_autogen\clkmgr\doc\interfaces.md","D:\MyWork\verilog\out\spec_documents_20260514_204108\opentitan\hw\top_earlgrey\ip_autogen\clkmgr\doc\interfaces.md","5390"
"doc","D:\MyWork\verilog\dbs\opentitan\hw\top_earlgrey\ip_autogen\clkmgr\doc\programmers_guide.md","D:\MyWork\verilog\out\spec_documents_20260514_204108\opentitan\hw\top_earlgrey\ip_autogen\clkmgr\doc\programmers_guide.md","791"
"doc","D:\MyWork\verilog\dbs\opentitan\hw\top_earlgrey\ip_autogen\clkmgr\doc\registers.md","D:\MyWork\verilog\out\spec_documents_20260514_204108\opentitan\hw\top_earlgrey\ip_autogen\clkmgr\doc\registers.md","28570"
"doc","D:\MyWork\verilog\dbs\opentitan\hw\top_earlgrey\ip_autogen\clkmgr\doc\theory_of_operation.md","D:\MyWork\verilog\out\spec_documents_20260514_204108\opentitan\hw\top_earlgrey\ip_autogen\clkmgr\doc\theory_of_operation.md","22488"
"hjson_spec","D:\MyWork\verilog\dbs\opentitan\hw\top_earlgrey\ip_autogen\flash_ctrl\data\flash_ctrl.hjson","D:\MyWork\verilog\out\spec_documents_20260514_204108\opentitan\hw\top_earlgrey\ip_autogen\flash_ctrl\data\flash_ctrl.hjson","95972"
"hjson_spec","D:\MyWork\verilog\dbs\opentitan\hw\top_earlgrey\ip_autogen\flash_ctrl\data\flash_ctrl_sec_cm_testplan.hjson","D:\MyWork\verilog\out\spec_documents_20260514_204108\opentitan\hw\top_earlgrey\ip_autogen\flash_ctrl\data\flash_ctrl_sec_cm_testplan.hjson","12300"
"hjson_spec","D:\MyWork\verilog\dbs\opentitan\hw\top_earlgrey\ip_autogen\flash_ctrl\data\flash_ctrl_testplan.hjson","D:\MyWork\verilog\out\spec_documents_20260514_204108\opentitan\hw\top_earlgrey\ip_autogen\flash_ctrl\data\flash_ctrl_testplan.hjson","20255"
"hjson_spec","D:\MyWork\verilog\dbs\opentitan\hw\top_earlgrey\ip_autogen\flash_ctrl\data\top_earlgrey_flash_ctrl.ipconfig.hjson","D:\MyWork\verilog\out\spec_documents_20260514_204108\opentitan\hw\top_earlgrey\ip_autogen\flash_ctrl\data\top_earlgrey_flash_ctrl.ipconfig.hjson","676"
"doc","D:\MyWork\verilog\dbs\opentitan\hw\top_earlgrey\ip_autogen\flash_ctrl\doc\checklist.md","D:\MyWork\verilog\out\spec_documents_20260514_204108\opentitan\hw\top_earlgrey\ip_autogen\flash_ctrl\doc\checklist.md","20697"
"doc","D:\MyWork\verilog\dbs\opentitan\hw\top_earlgrey\ip_autogen\flash_ctrl\doc\interfaces.md","D:\MyWork\verilog\out\spec_documents_20260514_204108\opentitan\hw\top_earlgrey\ip_autogen\flash_ctrl\doc\interfaces.md","21512"
"doc","D:\MyWork\verilog\dbs\opentitan\hw\top_earlgrey\ip_autogen\flash_ctrl\doc\programmers_guide.md","D:\MyWork\verilog\out\spec_documents_20260514_204108\opentitan\hw\top_earlgrey\ip_autogen\flash_ctrl\doc\programmers_guide.md","5609"
"doc","D:\MyWork\verilog\dbs\opentitan\hw\top_earlgrey\ip_autogen\flash_ctrl\doc\registers.md","D:\MyWork\verilog\out\spec_documents_20260514_204108\opentitan\hw\top_earlgrey\ip_autogen\flash_ctrl\doc\registers.md","112520"
"doc","D:\MyWork\verilog\dbs\opentitan\hw\top_earlgrey\ip_autogen\flash_ctrl\doc\theory_of_operation.md","D:\MyWork\verilog\out\spec_documents_20260514_204108\opentitan\hw\top_earlgrey\ip_autogen\flash_ctrl\doc\theory_of_operation.md","34908"
"hjson_spec","D:\MyWork\verilog\dbs\opentitan\hw\top_earlgrey\ip_autogen\gpio\data\gpio.hjson","D:\MyWork\verilog\out\spec_documents_20260514_204108\opentitan\hw\top_earlgrey\ip_autogen\gpio\data\gpio.hjson","15320"
"hjson_spec","D:\MyWork\verilog\dbs\opentitan\hw\top_earlgrey\ip_autogen\gpio\data\gpio_sec_cm_testplan.hjson","D:\MyWork\verilog\out\spec_documents_20260514_204108\opentitan\hw\top_earlgrey\ip_autogen\gpio\data\gpio_sec_cm_testplan.hjson","1357"
"hjson_spec","D:\MyWork\verilog\dbs\opentitan\hw\top_earlgrey\ip_autogen\gpio\data\gpio_testplan.hjson","D:\MyWork\verilog\out\spec_documents_20260514_204108\opentitan\hw\top_earlgrey\ip_autogen\gpio\data\gpio_testplan.hjson","8981"
"hjson_spec","D:\MyWork\verilog\dbs\opentitan\hw\top_earlgrey\ip_autogen\gpio\data\top_earlgrey_gpio.ipconfig.hjson","D:\MyWork\verilog\out\spec_documents_20260514_204108\opentitan\hw\top_earlgrey\ip_autogen\gpio\data\top_earlgrey_gpio.ipconfig.hjson","524"
"doc","D:\MyWork\verilog\dbs\opentitan\hw\top_earlgrey\ip_autogen\gpio\doc\checklist.md","D:\MyWork\verilog\out\spec_documents_20260514_204108\opentitan\hw\top_earlgrey\ip_autogen\gpio\doc\checklist.md","22044"
"doc","D:\MyWork\verilog\dbs\opentitan\hw\top_earlgrey\ip_autogen\gpio\doc\interfaces.md","D:\MyWork\verilog\out\spec_documents_20260514_204108\opentitan\hw\top_earlgrey\ip_autogen\gpio\doc\interfaces.md","3221"
"doc","D:\MyWork\verilog\dbs\opentitan\hw\top_earlgrey\ip_autogen\gpio\doc\programmers_guide.md","D:\MyWork\verilog\out\spec_documents_20260514_204108\opentitan\hw\top_earlgrey\ip_autogen\gpio\doc\programmers_guide.md","4548"
"doc","D:\MyWork\verilog\dbs\opentitan\hw\top_earlgrey\ip_autogen\gpio\doc\registers.md","D:\MyWork\verilog\out\spec_documents_20260514_204108\opentitan\hw\top_earlgrey\ip_autogen\gpio\doc\registers.md","17304"
"doc","D:\MyWork\verilog\dbs\opentitan\hw\top_earlgrey\ip_autogen\gpio\doc\theory_of_operation.md","D:\MyWork\verilog\out\spec_documents_20260514_204108\opentitan\hw\top_earlgrey\ip_autogen\gpio\doc\theory_of_operation.md","6443"
"hjson_spec","D:\MyWork\verilog\dbs\opentitan\hw\top_earlgrey\ip_autogen\otp_ctrl\data\otp_ctrl.hjson","D:\MyWork\verilog\out\spec_documents_20260514_204108\opentitan\hw\top_earlgrey\ip_autogen\otp_ctrl\data\otp_ctrl.hjson","105952"
"hjson_spec","D:\MyWork\verilog\dbs\opentitan\hw\top_earlgrey\ip_autogen\otp_ctrl\data\otp_ctrl_sec_cm_testplan.hjson","D:\MyWork\verilog\out\spec_documents_20260514_204108\opentitan\hw\top_earlgrey\ip_autogen\otp_ctrl\data\otp_ctrl_sec_cm_testplan.hjson","9259"
"hjson_spec","D:\MyWork\verilog\dbs\opentitan\hw\top_earlgrey\ip_autogen\otp_ctrl\data\otp_ctrl_testplan.hjson","D:\MyWork\verilog\out\spec_documents_20260514_204108\opentitan\hw\top_earlgrey\ip_autogen\otp_ctrl\data\otp_ctrl_testplan.hjson","16151"
"hjson_spec","D:\MyWork\verilog\dbs\opentitan\hw\top_earlgrey\ip_autogen\otp_ctrl\data\top_earlgrey_otp_ctrl.ipconfig.hjson","D:\MyWork\verilog\out\spec_documents_20260514_204108\opentitan\hw\top_earlgrey\ip_autogen\otp_ctrl\data\top_earlgrey_otp_ctrl.ipconfig.hjson","75839"
"doc","D:\MyWork\verilog\dbs\opentitan\hw\top_earlgrey\ip_autogen\otp_ctrl\doc\checklist.md","D:\MyWork\verilog\out\spec_documents_20260514_204108\opentitan\hw\top_earlgrey\ip_autogen\otp_ctrl\doc\checklist.md","21490"
"doc","D:\MyWork\verilog\dbs\opentitan\hw\top_earlgrey\ip_autogen\otp_ctrl\doc\interfaces.md","D:\MyWork\verilog\out\spec_documents_20260514_204108\opentitan\hw\top_earlgrey\ip_autogen\otp_ctrl\doc\interfaces.md","28861"
"doc","D:\MyWork\verilog\dbs\opentitan\hw\top_earlgrey\ip_autogen\otp_ctrl\doc\otp_ctrl_digests.md","D:\MyWork\verilog\out\spec_documents_20260514_204108\opentitan\hw\top_earlgrey\ip_autogen\otp_ctrl\doc\otp_ctrl_digests.md","1694"
"doc","D:\MyWork\verilog\dbs\opentitan\hw\top_earlgrey\ip_autogen\otp_ctrl\doc\otp_ctrl_field_descriptions.md","D:\MyWork\verilog\out\spec_documents_20260514_204108\opentitan\hw\top_earlgrey\ip_autogen\otp_ctrl\doc\otp_ctrl_field_descriptions.md","84316"
"doc","D:\MyWork\verilog\dbs\opentitan\hw\top_earlgrey\ip_autogen\otp_ctrl\doc\otp_ctrl_mmap.md","D:\MyWork\verilog\out\spec_documents_20260514_204108\opentitan\hw\top_earlgrey\ip_autogen\otp_ctrl\doc\otp_ctrl_mmap.md","23458"
"doc","D:\MyWork\verilog\dbs\opentitan\hw\top_earlgrey\ip_autogen\otp_ctrl\doc\otp_ctrl_partitions.md","D:\MyWork\verilog\out\spec_documents_20260514_204108\opentitan\hw\top_earlgrey\ip_autogen\otp_ctrl\doc\otp_ctrl_partitions.md","9572"
"doc","D:\MyWork\verilog\dbs\opentitan\hw\top_earlgrey\ip_autogen\otp_ctrl\doc\programmers_guide.md","D:\MyWork\verilog\out\spec_documents_20260514_204108\opentitan\hw\top_earlgrey\ip_autogen\otp_ctrl\doc\programmers_guide.md","26708"
"doc","D:\MyWork\verilog\dbs\opentitan\hw\top_earlgrey\ip_autogen\otp_ctrl\doc\registers.md","D:\MyWork\verilog\out\spec_documents_20260514_204108\opentitan\hw\top_earlgrey\ip_autogen\otp_ctrl\doc\registers.md","66095"
"doc","D:\MyWork\verilog\dbs\opentitan\hw\top_earlgrey\ip_autogen\otp_ctrl\doc\theory_of_operation.md","D:\MyWork\verilog\out\spec_documents_20260514_204108\opentitan\hw\top_earlgrey\ip_autogen\otp_ctrl\doc\theory_of_operation.md","43706"
"hjson_spec","D:\MyWork\verilog\dbs\opentitan\hw\top_earlgrey\ip_autogen\pinmux\data\pinmux.hjson","D:\MyWork\verilog\out\spec_documents_20260514_204108\opentitan\hw\top_earlgrey\ip_autogen\pinmux\data\pinmux.hjson","47452"
"hjson_spec","D:\MyWork\verilog\dbs\opentitan\hw\top_earlgrey\ip_autogen\pinmux\data\pinmux_fpv_testplan.hjson","D:\MyWork\verilog\out\spec_documents_20260514_204108\opentitan\hw\top_earlgrey\ip_autogen\pinmux\data\pinmux_fpv_testplan.hjson","35553"
"hjson_spec","D:\MyWork\verilog\dbs\opentitan\hw\top_earlgrey\ip_autogen\pinmux\data\pinmux_sec_cm_testplan.hjson","D:\MyWork\verilog\out\spec_documents_20260514_204108\opentitan\hw\top_earlgrey\ip_autogen\pinmux\data\pinmux_sec_cm_testplan.hjson","2355"
"hjson_spec","D:\MyWork\verilog\dbs\opentitan\hw\top_earlgrey\ip_autogen\pinmux\data\top_earlgrey_pinmux.ipconfig.hjson","D:\MyWork\verilog\out\spec_documents_20260514_204108\opentitan\hw\top_earlgrey\ip_autogen\pinmux\data\top_earlgrey_pinmux.ipconfig.hjson","578"
"doc","D:\MyWork\verilog\dbs\opentitan\hw\top_earlgrey\ip_autogen\pinmux\doc\checklist.md","D:\MyWork\verilog\out\spec_documents_20260514_204108\opentitan\hw\top_earlgrey\ip_autogen\pinmux\doc\checklist.md","21589"
"doc","D:\MyWork\verilog\dbs\opentitan\hw\top_earlgrey\ip_autogen\pinmux\doc\interfaces.md","D:\MyWork\verilog\out\spec_documents_20260514_204108\opentitan\hw\top_earlgrey\ip_autogen\pinmux\doc\interfaces.md","21245"
"doc","D:\MyWork\verilog\dbs\opentitan\hw\top_earlgrey\ip_autogen\pinmux\doc\pinout_asic.md","D:\MyWork\verilog\out\spec_documents_20260514_204108\opentitan\hw\top_earlgrey\ip_autogen\pinmux\doc\pinout_asic.md","66437"
"doc","D:\MyWork\verilog\dbs\opentitan\hw\top_earlgrey\ip_autogen\pinmux\doc\pinout_cw310.md","D:\MyWork\verilog\out\spec_documents_20260514_204108\opentitan\hw\top_earlgrey\ip_autogen\pinmux\doc\pinout_cw310.md","68081"
"doc","D:\MyWork\verilog\dbs\opentitan\hw\top_earlgrey\ip_autogen\pinmux\doc\pinout_cw340.md","D:\MyWork\verilog\out\spec_documents_20260514_204108\opentitan\hw\top_earlgrey\ip_autogen\pinmux\doc\pinout_cw340.md","67666"
"doc","D:\MyWork\verilog\dbs\opentitan\hw\top_earlgrey\ip_autogen\pinmux\doc\programmers_guide.md","D:\MyWork\verilog\out\spec_documents_20260514_204108\opentitan\hw\top_earlgrey\ip_autogen\pinmux\doc\programmers_guide.md","8558"
"doc","D:\MyWork\verilog\dbs\opentitan\hw\top_earlgrey\ip_autogen\pinmux\doc\registers.md","D:\MyWork\verilog\out\spec_documents_20260514_204108\opentitan\hw\top_earlgrey\ip_autogen\pinmux\doc\registers.md","167843"
"doc","D:\MyWork\verilog\dbs\opentitan\hw\top_earlgrey\ip_autogen\pinmux\doc\targets.md","D:\MyWork\verilog\out\spec_documents_20260514_204108\opentitan\hw\top_earlgrey\ip_autogen\pinmux\doc\targets.md","899"
"doc","D:\MyWork\verilog\dbs\opentitan\hw\top_earlgrey\ip_autogen\pinmux\doc\theory_of_operation.md","D:\MyWork\verilog\out\spec_documents_20260514_204108\opentitan\hw\top_earlgrey\ip_autogen\pinmux\doc\theory_of_operation.md","17120"
"doc","D:\MyWork\verilog\dbs\opentitan\hw\top_earlgrey\ip_autogen\pinmux\doc\dv\README.md","D:\MyWork\verilog\out\spec_documents_20260514_204108\opentitan\hw\top_earlgrey\ip_autogen\pinmux\doc\dv\README.md","2121"
"hjson_spec","D:\MyWork\verilog\dbs\opentitan\hw\top_earlgrey\ip_autogen\pwm\data\pwm.hjson","D:\MyWork\verilog\out\spec_documents_20260514_204108\opentitan\hw\top_earlgrey\ip_autogen\pwm\data\pwm.hjson","11425"
"hjson_spec","D:\MyWork\verilog\dbs\opentitan\hw\top_earlgrey\ip_autogen\pwm\data\pwm_sec_cm_testplan.hjson","D:\MyWork\verilog\out\spec_documents_20260514_204108\opentitan\hw\top_earlgrey\ip_autogen\pwm\data\pwm_sec_cm_testplan.hjson","1352"
"hjson_spec","D:\MyWork\verilog\dbs\opentitan\hw\top_earlgrey\ip_autogen\pwm\data\pwm_testplan.hjson","D:\MyWork\verilog\out\spec_documents_20260514_204108\opentitan\hw\top_earlgrey\ip_autogen\pwm\data\pwm_testplan.hjson","7258"
"hjson_spec","D:\MyWork\verilog\dbs\opentitan\hw\top_earlgrey\ip_autogen\pwm\data\top_earlgrey_pwm.ipconfig.hjson","D:\MyWork\verilog\out\spec_documents_20260514_204108\opentitan\hw\top_earlgrey\ip_autogen\pwm\data\top_earlgrey_pwm.ipconfig.hjson","500"
"doc","D:\MyWork\verilog\dbs\opentitan\hw\top_earlgrey\ip_autogen\pwm\doc\checklist.md","D:\MyWork\verilog\out\spec_documents_20260514_204108\opentitan\hw\top_earlgrey\ip_autogen\pwm\doc\checklist.md","20773"
"doc","D:\MyWork\verilog\dbs\opentitan\hw\top_earlgrey\ip_autogen\pwm\doc\interfaces.md","D:\MyWork\verilog\out\spec_documents_20260514_204108\opentitan\hw\top_earlgrey\ip_autogen\pwm\doc\interfaces.md","2927"
"doc","D:\MyWork\verilog\dbs\opentitan\hw\top_earlgrey\ip_autogen\pwm\doc\programmers_guide.md","D:\MyWork\verilog\out\spec_documents_20260514_204108\opentitan\hw\top_earlgrey\ip_autogen\pwm\doc\programmers_guide.md","2591"
"doc","D:\MyWork\verilog\dbs\opentitan\hw\top_earlgrey\ip_autogen\pwm\doc\registers.md","D:\MyWork\verilog\out\spec_documents_20260514_204108\opentitan\hw\top_earlgrey\ip_autogen\pwm\doc\registers.md","15518"
"doc","D:\MyWork\verilog\dbs\opentitan\hw\top_earlgrey\ip_autogen\pwm\doc\theory_of_operation.md","D:\MyWork\verilog\out\spec_documents_20260514_204108\opentitan\hw\top_earlgrey\ip_autogen\pwm\doc\theory_of_operation.md","15075"
"hjson_spec","D:\MyWork\verilog\dbs\opentitan\hw\top_earlgrey\ip_autogen\pwrmgr\data\pwrmgr.hjson","D:\MyWork\verilog\out\spec_documents_20260514_204108\opentitan\hw\top_earlgrey\ip_autogen\pwrmgr\data\pwrmgr.hjson","27010"
"hjson_spec","D:\MyWork\verilog\dbs\opentitan\hw\top_earlgrey\ip_autogen\pwrmgr\data\pwrmgr_sec_cm_testplan.hjson","D:\MyWork\verilog\out\spec_documents_20260514_204108\opentitan\hw\top_earlgrey\ip_autogen\pwrmgr\data\pwrmgr_sec_cm_testplan.hjson","8218"
"hjson_spec","D:\MyWork\verilog\dbs\opentitan\hw\top_earlgrey\ip_autogen\pwrmgr\data\pwrmgr_testplan.hjson","D:\MyWork\verilog\out\spec_documents_20260514_204108\opentitan\hw\top_earlgrey\ip_autogen\pwrmgr\data\pwrmgr_testplan.hjson","14250"
"hjson_spec","D:\MyWork\verilog\dbs\opentitan\hw\top_earlgrey\ip_autogen\pwrmgr\data\top_earlgrey_pwrmgr.ipconfig.hjson","D:\MyWork\verilog\out\spec_documents_20260514_204108\opentitan\hw\top_earlgrey\ip_autogen\pwrmgr\data\top_earlgrey_pwrmgr.ipconfig.hjson","1994"
"doc","D:\MyWork\verilog\dbs\opentitan\hw\top_earlgrey\ip_autogen\pwrmgr\doc\checklist.md","D:\MyWork\verilog\out\spec_documents_20260514_204108\opentitan\hw\top_earlgrey\ip_autogen\pwrmgr\doc\checklist.md","20973"
"doc","D:\MyWork\verilog\dbs\opentitan\hw\top_earlgrey\ip_autogen\pwrmgr\doc\interfaces.md","D:\MyWork\verilog\out\spec_documents_20260514_204108\opentitan\hw\top_earlgrey\ip_autogen\pwrmgr\doc\interfaces.md","5828"
"doc","D:\MyWork\verilog\dbs\opentitan\hw\top_earlgrey\ip_autogen\pwrmgr\doc\programmers_guide.md","D:\MyWork\verilog\out\spec_documents_20260514_204108\opentitan\hw\top_earlgrey\ip_autogen\pwrmgr\doc\programmers_guide.md","5369"
"doc","D:\MyWork\verilog\dbs\opentitan\hw\top_earlgrey\ip_autogen\pwrmgr\doc\registers.md","D:\MyWork\verilog\out\spec_documents_20260514_204108\opentitan\hw\top_earlgrey\ip_autogen\pwrmgr\doc\registers.md","25158"
"doc","D:\MyWork\verilog\dbs\opentitan\hw\top_earlgrey\ip_autogen\pwrmgr\doc\theory_of_operation.md","D:\MyWork\verilog\out\spec_documents_20260514_204108\opentitan\hw\top_earlgrey\ip_autogen\pwrmgr\doc\theory_of_operation.md","18849"
"hjson_spec","D:\MyWork\verilog\dbs\opentitan\hw\top_earlgrey\ip_autogen\rstmgr\data\rstmgr.cfg.example.hjson","D:\MyWork\verilog\out\spec_documents_20260514_204108\opentitan\hw\top_earlgrey\ip_autogen\rstmgr\data\rstmgr.cfg.example.hjson","2639"
"hjson_spec","D:\MyWork\verilog\dbs\opentitan\hw\top_earlgrey\ip_autogen\rstmgr\data\rstmgr.hjson","D:\MyWork\verilog\out\spec_documents_20260514_204108\opentitan\hw\top_earlgrey\ip_autogen\rstmgr\data\rstmgr.hjson","18879"
"hjson_spec","D:\MyWork\verilog\dbs\opentitan\hw\top_earlgrey\ip_autogen\rstmgr\data\rstmgr_sec_cm_testplan.hjson","D:\MyWork\verilog\out\spec_documents_20260514_204108\opentitan\hw\top_earlgrey\ip_autogen\rstmgr\data\rstmgr_sec_cm_testplan.hjson","3910"
"hjson_spec","D:\MyWork\verilog\dbs\opentitan\hw\top_earlgrey\ip_autogen\rstmgr\data\rstmgr_testplan.hjson","D:\MyWork\verilog\out\spec_documents_20260514_204108\opentitan\hw\top_earlgrey\ip_autogen\rstmgr\data\rstmgr_testplan.hjson","9004"
"hjson_spec","D:\MyWork\verilog\dbs\opentitan\hw\top_earlgrey\ip_autogen\rstmgr\data\top_earlgrey_rstmgr.ipconfig.hjson","D:\MyWork\verilog\out\spec_documents_20260514_204108\opentitan\hw\top_earlgrey\ip_autogen\rstmgr\data\top_earlgrey_rstmgr.ipconfig.hjson","13559"
"doc","D:\MyWork\verilog\dbs\opentitan\hw\top_earlgrey\ip_autogen\rstmgr\doc\checklist.md","D:\MyWork\verilog\out\spec_documents_20260514_204108\opentitan\hw\top_earlgrey\ip_autogen\rstmgr\doc\checklist.md","20949"
"doc","D:\MyWork\verilog\dbs\opentitan\hw\top_earlgrey\ip_autogen\rstmgr\doc\interfaces.md","D:\MyWork\verilog\out\spec_documents_20260514_204108\opentitan\hw\top_earlgrey\ip_autogen\rstmgr\doc\interfaces.md","5691"
"doc","D:\MyWork\verilog\dbs\opentitan\hw\top_earlgrey\ip_autogen\rstmgr\doc\programmers_guide.md","D:\MyWork\verilog\out\spec_documents_20260514_204108\opentitan\hw\top_earlgrey\ip_autogen\rstmgr\doc\programmers_guide.md","143"
"doc","D:\MyWork\verilog\dbs\opentitan\hw\top_earlgrey\ip_autogen\rstmgr\doc\registers.md","D:\MyWork\verilog\out\spec_documents_20260514_204108\opentitan\hw\top_earlgrey\ip_autogen\rstmgr\doc\registers.md","18382"
"doc","D:\MyWork\verilog\dbs\opentitan\hw\top_earlgrey\ip_autogen\rstmgr\doc\theory_of_operation.md","D:\MyWork\verilog\out\spec_documents_20260514_204108\opentitan\hw\top_earlgrey\ip_autogen\rstmgr\doc\theory_of_operation.md","18902"
"hjson_spec","D:\MyWork\verilog\dbs\opentitan\hw\top_earlgrey\ip_autogen\rstmgr\dv\rstmgr_cnsty_chk\data\rstmgr_cnsty_chk_testplan.hjson","D:\MyWork\verilog\out\spec_documents_20260514_204108\opentitan\hw\top_earlgrey\ip_autogen\rstmgr\dv\rstmgr_cnsty_chk\data\rstmgr_cnsty_chk_testplan.hjson","1131"
"hjson_spec","D:\MyWork\verilog\dbs\opentitan\hw\top_earlgrey\ip_autogen\rv_core_ibex\data\rv_core_ibex.hjson","D:\MyWork\verilog\out\spec_documents_20260514_204108\opentitan\hw\top_earlgrey\ip_autogen\rv_core_ibex\data\rv_core_ibex.hjson","32906"
"hjson_spec","D:\MyWork\verilog\dbs\opentitan\hw\top_earlgrey\ip_autogen\rv_core_ibex\data\rv_core_ibex_sec_cm_testplan.hjson","D:\MyWork\verilog\out\spec_documents_20260514_204108\opentitan\hw\top_earlgrey\ip_autogen\rv_core_ibex\data\rv_core_ibex_sec_cm_testplan.hjson","3289"
"hjson_spec","D:\MyWork\verilog\dbs\opentitan\hw\top_earlgrey\ip_autogen\rv_core_ibex\data\rv_core_ibex_testplan.hjson","D:\MyWork\verilog\out\spec_documents_20260514_204108\opentitan\hw\top_earlgrey\ip_autogen\rv_core_ibex\data\rv_core_ibex_testplan.hjson","13040"
"hjson_spec","D:\MyWork\verilog\dbs\opentitan\hw\top_earlgrey\ip_autogen\rv_core_ibex\data\top_earlgrey_rv_core_ibex.ipconfig.hjson","D:\MyWork\verilog\out\spec_documents_20260514_204108\opentitan\hw\top_earlgrey\ip_autogen\rv_core_ibex\data\top_earlgrey_rv_core_ibex.ipconfig.hjson","538"
"doc","D:\MyWork\verilog\dbs\opentitan\hw\top_earlgrey\ip_autogen\rv_core_ibex\doc\boot-rom-patching.md","D:\MyWork\verilog\out\spec_documents_20260514_204108\opentitan\hw\top_earlgrey\ip_autogen\rv_core_ibex\doc\boot-rom-patching.md","27219"
"doc","D:\MyWork\verilog\dbs\opentitan\hw\top_earlgrey\ip_autogen\rv_core_ibex\doc\checklist.md","D:\MyWork\verilog\out\spec_documents_20260514_204108\opentitan\hw\top_earlgrey\ip_autogen\rv_core_ibex\doc\checklist.md","9436"
"doc","D:\MyWork\verilog\dbs\opentitan\hw\top_earlgrey\ip_autogen\rv_core_ibex\doc\interfaces.md","D:\MyWork\verilog\out\spec_documents_20260514_204108\opentitan\hw\top_earlgrey\ip_autogen\rv_core_ibex\doc\interfaces.md","13472"
"doc","D:\MyWork\verilog\dbs\opentitan\hw\top_earlgrey\ip_autogen\rv_core_ibex\doc\programmers_guide.md","D:\MyWork\verilog\out\spec_documents_20260514_204108\opentitan\hw\top_earlgrey\ip_autogen\rv_core_ibex\doc\programmers_guide.md","149"
"doc","D:\MyWork\verilog\dbs\opentitan\hw\top_earlgrey\ip_autogen\rv_core_ibex\doc\registers.md","D:\MyWork\verilog\out\spec_documents_20260514_204108\opentitan\hw\top_earlgrey\ip_autogen\rv_core_ibex\doc\registers.md","22364"
"doc","D:\MyWork\verilog\dbs\opentitan\hw\top_earlgrey\ip_autogen\rv_core_ibex\doc\theory_of_operation.md","D:\MyWork\verilog\out\spec_documents_20260514_204108\opentitan\hw\top_earlgrey\ip_autogen\rv_core_ibex\doc\theory_of_operation.md","6784"
"hjson_spec","D:\MyWork\verilog\dbs\opentitan\hw\top_earlgrey\ip_autogen\rv_plic\data\rv_plic.hjson","D:\MyWork\verilog\out\spec_documents_20260514_204108\opentitan\hw\top_earlgrey\ip_autogen\rv_plic\data\rv_plic.hjson","5924"
"hjson_spec","D:\MyWork\verilog\dbs\opentitan\hw\top_earlgrey\ip_autogen\rv_plic\data\rv_plic_fpv_testplan.hjson","D:\MyWork\verilog\out\spec_documents_20260514_204108\opentitan\hw\top_earlgrey\ip_autogen\rv_plic\data\rv_plic_fpv_testplan.hjson","2900"
"hjson_spec","D:\MyWork\verilog\dbs\opentitan\hw\top_earlgrey\ip_autogen\rv_plic\data\rv_plic_sec_cm_testplan.hjson","D:\MyWork\verilog\out\spec_documents_20260514_204108\opentitan\hw\top_earlgrey\ip_autogen\rv_plic\data\rv_plic_sec_cm_testplan.hjson","1351"
"hjson_spec","D:\MyWork\verilog\dbs\opentitan\hw\top_earlgrey\ip_autogen\rv_plic\data\top_earlgrey_rv_plic.ipconfig.hjson","D:\MyWork\verilog\out\spec_documents_20260514_204108\opentitan\hw\top_earlgrey\ip_autogen\rv_plic\data\top_earlgrey_rv_plic.ipconfig.hjson","531"
"doc","D:\MyWork\verilog\dbs\opentitan\hw\top_earlgrey\ip_autogen\rv_plic\doc\checklist.md","D:\MyWork\verilog\out\spec_documents_20260514_204108\opentitan\hw\top_earlgrey\ip_autogen\rv_plic\doc\checklist.md","20657"
"doc","D:\MyWork\verilog\dbs\opentitan\hw\top_earlgrey\ip_autogen\rv_plic\doc\programmers_guide.md","D:\MyWork\verilog\out\spec_documents_20260514_204108\opentitan\hw\top_earlgrey\ip_autogen\rv_plic\doc\programmers_guide.md","3442"
"doc","D:\MyWork\verilog\dbs\opentitan\hw\top_earlgrey\ip_autogen\rv_plic\doc\theory_of_operation.md","D:\MyWork\verilog\out\spec_documents_20260514_204108\opentitan\hw\top_earlgrey\ip_autogen\rv_plic\doc\theory_of_operation.md","6326"
"doc","D:\MyWork\verilog\dbs\opentitan\hw\top_earlgrey\ip_autogen\rv_plic\doc\dv\README.md","D:\MyWork\verilog\out\spec_documents_20260514_204108\opentitan\hw\top_earlgrey\ip_autogen\rv_plic\doc\dv\README.md","1897"
"hjson_spec","D:\MyWork\verilog\dbs\opentitan\hw\top_englishbreakfast\data\top_englishbreakfast.hjson","D:\MyWork\verilog\out\spec_documents_20260514_204108\opentitan\hw\top_englishbreakfast\data\top_englishbreakfast.hjson","47996"
"hjson_spec","D:\MyWork\verilog\dbs\opentitan\hw\top_englishbreakfast\data\top_englishbreakfast_seed.testing.hjson","D:\MyWork\verilog\out\spec_documents_20260514_204108\opentitan\hw\top_englishbreakfast\data\top_englishbreakfast_seed.testing.hjson","736"
"hjson_spec","D:\MyWork\verilog\dbs\opentitan\hw\top_englishbreakfast\data\xbar_main.hjson","D:\MyWork\verilog\out\spec_documents_20260514_204108\opentitan\hw\top_englishbreakfast\data\xbar_main.hjson","3133"
"hjson_spec","D:\MyWork\verilog\dbs\opentitan\hw\top_englishbreakfast\data\xbar_peri.hjson","D:\MyWork\verilog\out\spec_documents_20260514_204108\opentitan\hw\top_englishbreakfast\data\xbar_peri.hjson","2814"
"hjson_spec","D:\MyWork\verilog\dbs\opentitan\hw\top_englishbreakfast\data\autogen\outgoing_alerts_englishbreakfast.hjson","D:\MyWork\verilog\out\spec_documents_20260514_204108\opentitan\hw\top_englishbreakfast\data\autogen\outgoing_alerts_englishbreakfast.hjson","6297"
"hjson_spec","D:\MyWork\verilog\dbs\opentitan\hw\top_englishbreakfast\data\autogen\top_englishbreakfast.gen.hjson","D:\MyWork\verilog\out\spec_documents_20260514_204108\opentitan\hw\top_englishbreakfast\data\autogen\top_englishbreakfast.gen.hjson","312461"
"hjson_spec","D:\MyWork\verilog\dbs\opentitan\hw\top_englishbreakfast\data\autogen\top_englishbreakfast.secrets.testing.gen.hjson","D:\MyWork\verilog\out\spec_documents_20260514_204108\opentitan\hw\top_englishbreakfast\data\autogen\top_englishbreakfast.secrets.testing.gen.hjson","10469"
"doc","D:\MyWork\verilog\dbs\opentitan\hw\top_englishbreakfast\doc\memory_map.md","D:\MyWork\verilog\out\spec_documents_20260514_204108\opentitan\hw\top_englishbreakfast\doc\memory_map.md","3362"
"hjson_spec","D:\MyWork\verilog\dbs\opentitan\hw\top_englishbreakfast\ip\xbar_main\data\autogen\xbar_main.gen.hjson","D:\MyWork\verilog\out\spec_documents_20260514_204108\opentitan\hw\top_englishbreakfast\ip\xbar_main\data\autogen\xbar_main.gen.hjson","9622"
"hjson_spec","D:\MyWork\verilog\dbs\opentitan\hw\top_englishbreakfast\ip\xbar_main\data\autogen\xbar_main.hjson","D:\MyWork\verilog\out\spec_documents_20260514_204108\opentitan\hw\top_englishbreakfast\ip\xbar_main\data\autogen\xbar_main.hjson","2198"
"hjson_spec","D:\MyWork\verilog\dbs\opentitan\hw\top_englishbreakfast\ip\xbar_peri\data\autogen\xbar_peri.gen.hjson","D:\MyWork\verilog\out\spec_documents_20260514_204108\opentitan\hw\top_englishbreakfast\ip\xbar_peri\data\autogen\xbar_peri.gen.hjson","9327"
"hjson_spec","D:\MyWork\verilog\dbs\opentitan\hw\top_englishbreakfast\ip\xbar_peri\data\autogen\xbar_peri.hjson","D:\MyWork\verilog\out\spec_documents_20260514_204108\opentitan\hw\top_englishbreakfast\ip\xbar_peri\data\autogen\xbar_peri.hjson","2110"
"hjson_spec","D:\MyWork\verilog\dbs\opentitan\hw\top_englishbreakfast\ip_autogen\clkmgr\data\clkmgr.hjson","D:\MyWork\verilog\out\spec_documents_20260514_204108\opentitan\hw\top_englishbreakfast\ip_autogen\clkmgr\data\clkmgr.hjson","26008"
"hjson_spec","D:\MyWork\verilog\dbs\opentitan\hw\top_englishbreakfast\ip_autogen\clkmgr\data\clkmgr_sec_cm_testplan.hjson","D:\MyWork\verilog\out\spec_documents_20260514_204108\opentitan\hw\top_englishbreakfast\ip_autogen\clkmgr\data\clkmgr_sec_cm_testplan.hjson","7487"
"hjson_spec","D:\MyWork\verilog\dbs\opentitan\hw\top_englishbreakfast\ip_autogen\clkmgr\data\clkmgr_testplan.hjson","D:\MyWork\verilog\out\spec_documents_20260514_204108\opentitan\hw\top_englishbreakfast\ip_autogen\clkmgr\data\clkmgr_testplan.hjson","13642"
"hjson_spec","D:\MyWork\verilog\dbs\opentitan\hw\top_englishbreakfast\ip_autogen\clkmgr\data\top_englishbreakfast_clkmgr.ipconfig.hjson","D:\MyWork\verilog\out\spec_documents_20260514_204108\opentitan\hw\top_englishbreakfast\ip_autogen\clkmgr\data\top_englishbreakfast_clkmgr.ipconfig.hjson","4612"
"doc","D:\MyWork\verilog\dbs\opentitan\hw\top_englishbreakfast\ip_autogen\clkmgr\doc\checklist.md","D:\MyWork\verilog\out\spec_documents_20260514_204108\opentitan\hw\top_englishbreakfast\ip_autogen\clkmgr\doc\checklist.md","21187"
"doc","D:\MyWork\verilog\dbs\opentitan\hw\top_englishbreakfast\ip_autogen\clkmgr\doc\interfaces.md","D:\MyWork\verilog\out\spec_documents_20260514_204108\opentitan\hw\top_englishbreakfast\ip_autogen\clkmgr\doc\interfaces.md","5398"
"doc","D:\MyWork\verilog\dbs\opentitan\hw\top_englishbreakfast\ip_autogen\clkmgr\doc\programmers_guide.md","D:\MyWork\verilog\out\spec_documents_20260514_204108\opentitan\hw\top_englishbreakfast\ip_autogen\clkmgr\doc\programmers_guide.md","791"
"doc","D:\MyWork\verilog\dbs\opentitan\hw\top_englishbreakfast\ip_autogen\clkmgr\doc\registers.md","D:\MyWork\verilog\out\spec_documents_20260514_204108\opentitan\hw\top_englishbreakfast\ip_autogen\clkmgr\doc\registers.md","25064"
"doc","D:\MyWork\verilog\dbs\opentitan\hw\top_englishbreakfast\ip_autogen\clkmgr\doc\theory_of_operation.md","D:\MyWork\verilog\out\spec_documents_20260514_204108\opentitan\hw\top_englishbreakfast\ip_autogen\clkmgr\doc\theory_of_operation.md","22004"
"hjson_spec","D:\MyWork\verilog\dbs\opentitan\hw\top_englishbreakfast\ip_autogen\flash_ctrl\data\flash_ctrl.hjson","D:\MyWork\verilog\out\spec_documents_20260514_204108\opentitan\hw\top_englishbreakfast\ip_autogen\flash_ctrl\data\flash_ctrl.hjson","95970"
"hjson_spec","D:\MyWork\verilog\dbs\opentitan\hw\top_englishbreakfast\ip_autogen\flash_ctrl\data\flash_ctrl_sec_cm_testplan.hjson","D:\MyWork\verilog\out\spec_documents_20260514_204108\opentitan\hw\top_englishbreakfast\ip_autogen\flash_ctrl\data\flash_ctrl_sec_cm_testplan.hjson","12300"
"hjson_spec","D:\MyWork\verilog\dbs\opentitan\hw\top_englishbreakfast\ip_autogen\flash_ctrl\data\flash_ctrl_testplan.hjson","D:\MyWork\verilog\out\spec_documents_20260514_204108\opentitan\hw\top_englishbreakfast\ip_autogen\flash_ctrl\data\flash_ctrl_testplan.hjson","20255"
"hjson_spec","D:\MyWork\verilog\dbs\opentitan\hw\top_englishbreakfast\ip_autogen\flash_ctrl\data\top_englishbreakfast_flash_ctrl.ipconfig.hjson","D:\MyWork\verilog\out\spec_documents_20260514_204108\opentitan\hw\top_englishbreakfast\ip_autogen\flash_ctrl\data\top_englishbreakfast_flash_ctrl.ipconfig.hjson","688"
"doc","D:\MyWork\verilog\dbs\opentitan\hw\top_englishbreakfast\ip_autogen\flash_ctrl\doc\checklist.md","D:\MyWork\verilog\out\spec_documents_20260514_204108\opentitan\hw\top_englishbreakfast\ip_autogen\flash_ctrl\doc\checklist.md","20697"
"doc","D:\MyWork\verilog\dbs\opentitan\hw\top_englishbreakfast\ip_autogen\flash_ctrl\doc\interfaces.md","D:\MyWork\verilog\out\spec_documents_20260514_204108\opentitan\hw\top_englishbreakfast\ip_autogen\flash_ctrl\doc\interfaces.md","21520"
"doc","D:\MyWork\verilog\dbs\opentitan\hw\top_englishbreakfast\ip_autogen\flash_ctrl\doc\programmers_guide.md","D:\MyWork\verilog\out\spec_documents_20260514_204108\opentitan\hw\top_englishbreakfast\ip_autogen\flash_ctrl\doc\programmers_guide.md","5609"
"doc","D:\MyWork\verilog\dbs\opentitan\hw\top_englishbreakfast\ip_autogen\flash_ctrl\doc\registers.md","D:\MyWork\verilog\out\spec_documents_20260514_204108\opentitan\hw\top_englishbreakfast\ip_autogen\flash_ctrl\doc\registers.md","112522"
"doc","D:\MyWork\verilog\dbs\opentitan\hw\top_englishbreakfast\ip_autogen\flash_ctrl\doc\theory_of_operation.md","D:\MyWork\verilog\out\spec_documents_20260514_204108\opentitan\hw\top_englishbreakfast\ip_autogen\flash_ctrl\doc\theory_of_operation.md","34908"
"hjson_spec","D:\MyWork\verilog\dbs\opentitan\hw\top_englishbreakfast\ip_autogen\gpio\data\gpio.hjson","D:\MyWork\verilog\out\spec_documents_20260514_204108\opentitan\hw\top_englishbreakfast\ip_autogen\gpio\data\gpio.hjson","15320"
"hjson_spec","D:\MyWork\verilog\dbs\opentitan\hw\top_englishbreakfast\ip_autogen\gpio\data\gpio_sec_cm_testplan.hjson","D:\MyWork\verilog\out\spec_documents_20260514_204108\opentitan\hw\top_englishbreakfast\ip_autogen\gpio\data\gpio_sec_cm_testplan.hjson","1357"
"hjson_spec","D:\MyWork\verilog\dbs\opentitan\hw\top_englishbreakfast\ip_autogen\gpio\data\gpio_testplan.hjson","D:\MyWork\verilog\out\spec_documents_20260514_204108\opentitan\hw\top_englishbreakfast\ip_autogen\gpio\data\gpio_testplan.hjson","8981"
"hjson_spec","D:\MyWork\verilog\dbs\opentitan\hw\top_englishbreakfast\ip_autogen\gpio\data\top_englishbreakfast_gpio.ipconfig.hjson","D:\MyWork\verilog\out\spec_documents_20260514_204108\opentitan\hw\top_englishbreakfast\ip_autogen\gpio\data\top_englishbreakfast_gpio.ipconfig.hjson","540"
"doc","D:\MyWork\verilog\dbs\opentitan\hw\top_englishbreakfast\ip_autogen\gpio\doc\checklist.md","D:\MyWork\verilog\out\spec_documents_20260514_204108\opentitan\hw\top_englishbreakfast\ip_autogen\gpio\doc\checklist.md","22044"
"doc","D:\MyWork\verilog\dbs\opentitan\hw\top_englishbreakfast\ip_autogen\gpio\doc\interfaces.md","D:\MyWork\verilog\out\spec_documents_20260514_204108\opentitan\hw\top_englishbreakfast\ip_autogen\gpio\doc\interfaces.md","3229"
"doc","D:\MyWork\verilog\dbs\opentitan\hw\top_englishbreakfast\ip_autogen\gpio\doc\programmers_guide.md","D:\MyWork\verilog\out\spec_documents_20260514_204108\opentitan\hw\top_englishbreakfast\ip_autogen\gpio\doc\programmers_guide.md","4548"
"doc","D:\MyWork\verilog\dbs\opentitan\hw\top_englishbreakfast\ip_autogen\gpio\doc\registers.md","D:\MyWork\verilog\out\spec_documents_20260514_204108\opentitan\hw\top_englishbreakfast\ip_autogen\gpio\doc\registers.md","17312"
"doc","D:\MyWork\verilog\dbs\opentitan\hw\top_englishbreakfast\ip_autogen\gpio\doc\theory_of_operation.md","D:\MyWork\verilog\out\spec_documents_20260514_204108\opentitan\hw\top_englishbreakfast\ip_autogen\gpio\doc\theory_of_operation.md","6443"
"hjson_spec","D:\MyWork\verilog\dbs\opentitan\hw\top_englishbreakfast\ip_autogen\pinmux\data\pinmux.hjson","D:\MyWork\verilog\out\spec_documents_20260514_204108\opentitan\hw\top_englishbreakfast\ip_autogen\pinmux\data\pinmux.hjson","47452"
"hjson_spec","D:\MyWork\verilog\dbs\opentitan\hw\top_englishbreakfast\ip_autogen\pinmux\data\pinmux_fpv_testplan.hjson","D:\MyWork\verilog\out\spec_documents_20260514_204108\opentitan\hw\top_englishbreakfast\ip_autogen\pinmux\data\pinmux_fpv_testplan.hjson","35553"
"hjson_spec","D:\MyWork\verilog\dbs\opentitan\hw\top_englishbreakfast\ip_autogen\pinmux\data\pinmux_sec_cm_testplan.hjson","D:\MyWork\verilog\out\spec_documents_20260514_204108\opentitan\hw\top_englishbreakfast\ip_autogen\pinmux\data\pinmux_sec_cm_testplan.hjson","2355"
"hjson_spec","D:\MyWork\verilog\dbs\opentitan\hw\top_englishbreakfast\ip_autogen\pinmux\data\top_englishbreakfast_pinmux.ipconfig.hjson","D:\MyWork\verilog\out\spec_documents_20260514_204108\opentitan\hw\top_englishbreakfast\ip_autogen\pinmux\data\top_englishbreakfast_pinmux.ipconfig.hjson","594"
"doc","D:\MyWork\verilog\dbs\opentitan\hw\top_englishbreakfast\ip_autogen\pinmux\doc\checklist.md","D:\MyWork\verilog\out\spec_documents_20260514_204108\opentitan\hw\top_englishbreakfast\ip_autogen\pinmux\doc\checklist.md","21589"
"doc","D:\MyWork\verilog\dbs\opentitan\hw\top_englishbreakfast\ip_autogen\pinmux\doc\interfaces.md","D:\MyWork\verilog\out\spec_documents_20260514_204108\opentitan\hw\top_englishbreakfast\ip_autogen\pinmux\doc\interfaces.md","21253"
"doc","D:\MyWork\verilog\dbs\opentitan\hw\top_englishbreakfast\ip_autogen\pinmux\doc\pinout_cw305.md","D:\MyWork\verilog\out\spec_documents_20260514_204108\opentitan\hw\top_englishbreakfast\ip_autogen\pinmux\doc\pinout_cw305.md","37201"
"doc","D:\MyWork\verilog\dbs\opentitan\hw\top_englishbreakfast\ip_autogen\pinmux\doc\programmers_guide.md","D:\MyWork\verilog\out\spec_documents_20260514_204108\opentitan\hw\top_englishbreakfast\ip_autogen\pinmux\doc\programmers_guide.md","8558"
"doc","D:\MyWork\verilog\dbs\opentitan\hw\top_englishbreakfast\ip_autogen\pinmux\doc\registers.md","D:\MyWork\verilog\out\spec_documents_20260514_204108\opentitan\hw\top_englishbreakfast\ip_autogen\pinmux\doc\registers.md","157552"
"doc","D:\MyWork\verilog\dbs\opentitan\hw\top_englishbreakfast\ip_autogen\pinmux\doc\targets.md","D:\MyWork\verilog\out\spec_documents_20260514_204108\opentitan\hw\top_englishbreakfast\ip_autogen\pinmux\doc\targets.md","661"
"doc","D:\MyWork\verilog\dbs\opentitan\hw\top_englishbreakfast\ip_autogen\pinmux\doc\theory_of_operation.md","D:\MyWork\verilog\out\spec_documents_20260514_204108\opentitan\hw\top_englishbreakfast\ip_autogen\pinmux\doc\theory_of_operation.md","17120"
"doc","D:\MyWork\verilog\dbs\opentitan\hw\top_englishbreakfast\ip_autogen\pinmux\doc\dv\README.md","D:\MyWork\verilog\out\spec_documents_20260514_204108\opentitan\hw\top_englishbreakfast\ip_autogen\pinmux\doc\dv\README.md","2129"
"hjson_spec","D:\MyWork\verilog\dbs\opentitan\hw\top_englishbreakfast\ip_autogen\pwrmgr\data\pwrmgr.hjson","D:\MyWork\verilog\out\spec_documents_20260514_204108\opentitan\hw\top_englishbreakfast\ip_autogen\pwrmgr\data\pwrmgr.hjson","25106"
"hjson_spec","D:\MyWork\verilog\dbs\opentitan\hw\top_englishbreakfast\ip_autogen\pwrmgr\data\pwrmgr_sec_cm_testplan.hjson","D:\MyWork\verilog\out\spec_documents_20260514_204108\opentitan\hw\top_englishbreakfast\ip_autogen\pwrmgr\data\pwrmgr_sec_cm_testplan.hjson","8218"
"hjson_spec","D:\MyWork\verilog\dbs\opentitan\hw\top_englishbreakfast\ip_autogen\pwrmgr\data\pwrmgr_testplan.hjson","D:\MyWork\verilog\out\spec_documents_20260514_204108\opentitan\hw\top_englishbreakfast\ip_autogen\pwrmgr\data\pwrmgr_testplan.hjson","14250"
"hjson_spec","D:\MyWork\verilog\dbs\opentitan\hw\top_englishbreakfast\ip_autogen\pwrmgr\data\top_englishbreakfast_pwrmgr.ipconfig.hjson","D:\MyWork\verilog\out\spec_documents_20260514_204108\opentitan\hw\top_englishbreakfast\ip_autogen\pwrmgr\data\top_englishbreakfast_pwrmgr.ipconfig.hjson","1509"
"doc","D:\MyWork\verilog\dbs\opentitan\hw\top_englishbreakfast\ip_autogen\pwrmgr\doc\checklist.md","D:\MyWork\verilog\out\spec_documents_20260514_204108\opentitan\hw\top_englishbreakfast\ip_autogen\pwrmgr\doc\checklist.md","20973"
"doc","D:\MyWork\verilog\dbs\opentitan\hw\top_englishbreakfast\ip_autogen\pwrmgr\doc\interfaces.md","D:\MyWork\verilog\out\spec_documents_20260514_204108\opentitan\hw\top_englishbreakfast\ip_autogen\pwrmgr\doc\interfaces.md","5836"
"doc","D:\MyWork\verilog\dbs\opentitan\hw\top_englishbreakfast\ip_autogen\pwrmgr\doc\programmers_guide.md","D:\MyWork\verilog\out\spec_documents_20260514_204108\opentitan\hw\top_englishbreakfast\ip_autogen\pwrmgr\doc\programmers_guide.md","5369"
"doc","D:\MyWork\verilog\dbs\opentitan\hw\top_englishbreakfast\ip_autogen\pwrmgr\doc\registers.md","D:\MyWork\verilog\out\spec_documents_20260514_204108\opentitan\hw\top_englishbreakfast\ip_autogen\pwrmgr\doc\registers.md","23697"
"doc","D:\MyWork\verilog\dbs\opentitan\hw\top_englishbreakfast\ip_autogen\pwrmgr\doc\theory_of_operation.md","D:\MyWork\verilog\out\spec_documents_20260514_204108\opentitan\hw\top_englishbreakfast\ip_autogen\pwrmgr\doc\theory_of_operation.md","18849"
"hjson_spec","D:\MyWork\verilog\dbs\opentitan\hw\top_englishbreakfast\ip_autogen\rstmgr\data\rstmgr.cfg.example.hjson","D:\MyWork\verilog\out\spec_documents_20260514_204108\opentitan\hw\top_englishbreakfast\ip_autogen\rstmgr\data\rstmgr.cfg.example.hjson","2639"
"hjson_spec","D:\MyWork\verilog\dbs\opentitan\hw\top_englishbreakfast\ip_autogen\rstmgr\data\rstmgr.hjson","D:\MyWork\verilog\out\spec_documents_20260514_204108\opentitan\hw\top_englishbreakfast\ip_autogen\rstmgr\data\rstmgr.hjson","17693"
"hjson_spec","D:\MyWork\verilog\dbs\opentitan\hw\top_englishbreakfast\ip_autogen\rstmgr\data\rstmgr_sec_cm_testplan.hjson","D:\MyWork\verilog\out\spec_documents_20260514_204108\opentitan\hw\top_englishbreakfast\ip_autogen\rstmgr\data\rstmgr_sec_cm_testplan.hjson","3910"
"hjson_spec","D:\MyWork\verilog\dbs\opentitan\hw\top_englishbreakfast\ip_autogen\rstmgr\data\rstmgr_testplan.hjson","D:\MyWork\verilog\out\spec_documents_20260514_204108\opentitan\hw\top_englishbreakfast\ip_autogen\rstmgr\data\rstmgr_testplan.hjson","9004"
"hjson_spec","D:\MyWork\verilog\dbs\opentitan\hw\top_englishbreakfast\ip_autogen\rstmgr\data\top_englishbreakfast_rstmgr.ipconfig.hjson","D:\MyWork\verilog\out\spec_documents_20260514_204108\opentitan\hw\top_englishbreakfast\ip_autogen\rstmgr\data\top_englishbreakfast_rstmgr.ipconfig.hjson","8879"
"doc","D:\MyWork\verilog\dbs\opentitan\hw\top_englishbreakfast\ip_autogen\rstmgr\doc\checklist.md","D:\MyWork\verilog\out\spec_documents_20260514_204108\opentitan\hw\top_englishbreakfast\ip_autogen\rstmgr\doc\checklist.md","20949"
"doc","D:\MyWork\verilog\dbs\opentitan\hw\top_englishbreakfast\ip_autogen\rstmgr\doc\interfaces.md","D:\MyWork\verilog\out\spec_documents_20260514_204108\opentitan\hw\top_englishbreakfast\ip_autogen\rstmgr\doc\interfaces.md","5699"
"doc","D:\MyWork\verilog\dbs\opentitan\hw\top_englishbreakfast\ip_autogen\rstmgr\doc\programmers_guide.md","D:\MyWork\verilog\out\spec_documents_20260514_204108\opentitan\hw\top_englishbreakfast\ip_autogen\rstmgr\doc\programmers_guide.md","143"
"doc","D:\MyWork\verilog\dbs\opentitan\hw\top_englishbreakfast\ip_autogen\rstmgr\doc\registers.md","D:\MyWork\verilog\out\spec_documents_20260514_204108\opentitan\hw\top_englishbreakfast\ip_autogen\rstmgr\doc\registers.md","16578"
"doc","D:\MyWork\verilog\dbs\opentitan\hw\top_englishbreakfast\ip_autogen\rstmgr\doc\theory_of_operation.md","D:\MyWork\verilog\out\spec_documents_20260514_204108\opentitan\hw\top_englishbreakfast\ip_autogen\rstmgr\doc\theory_of_operation.md","18424"
"hjson_spec","D:\MyWork\verilog\dbs\opentitan\hw\top_englishbreakfast\ip_autogen\rstmgr\dv\rstmgr_cnsty_chk\data\rstmgr_cnsty_chk_testplan.hjson","D:\MyWork\verilog\out\spec_documents_20260514_204108\opentitan\hw\top_englishbreakfast\ip_autogen\rstmgr\dv\rstmgr_cnsty_chk\data\rstmgr_cnsty_chk_testplan.hjson","1131"
"hjson_spec","D:\MyWork\verilog\dbs\opentitan\hw\top_englishbreakfast\ip_autogen\rv_core_ibex\data\rv_core_ibex.hjson","D:\MyWork\verilog\out\spec_documents_20260514_204108\opentitan\hw\top_englishbreakfast\ip_autogen\rv_core_ibex\data\rv_core_ibex.hjson","32906"
"hjson_spec","D:\MyWork\verilog\dbs\opentitan\hw\top_englishbreakfast\ip_autogen\rv_core_ibex\data\rv_core_ibex_sec_cm_testplan.hjson","D:\MyWork\verilog\out\spec_documents_20260514_204108\opentitan\hw\top_englishbreakfast\ip_autogen\rv_core_ibex\data\rv_core_ibex_sec_cm_testplan.hjson","3289"
"hjson_spec","D:\MyWork\verilog\dbs\opentitan\hw\top_englishbreakfast\ip_autogen\rv_core_ibex\data\rv_core_ibex_testplan.hjson","D:\MyWork\verilog\out\spec_documents_20260514_204108\opentitan\hw\top_englishbreakfast\ip_autogen\rv_core_ibex\data\rv_core_ibex_testplan.hjson","13040"
"hjson_spec","D:\MyWork\verilog\dbs\opentitan\hw\top_englishbreakfast\ip_autogen\rv_core_ibex\data\top_englishbreakfast_rv_core_ibex.ipconfig.hjson","D:\MyWork\verilog\out\spec_documents_20260514_204108\opentitan\hw\top_englishbreakfast\ip_autogen\rv_core_ibex\data\top_englishbreakfast_rv_core_ibex.ipconfig.hjson","554"
"doc","D:\MyWork\verilog\dbs\opentitan\hw\top_englishbreakfast\ip_autogen\rv_core_ibex\doc\boot-rom-patching.md","D:\MyWork\verilog\out\spec_documents_20260514_204108\opentitan\hw\top_englishbreakfast\ip_autogen\rv_core_ibex\doc\boot-rom-patching.md","27219"
"doc","D:\MyWork\verilog\dbs\opentitan\hw\top_englishbreakfast\ip_autogen\rv_core_ibex\doc\checklist.md","D:\MyWork\verilog\out\spec_documents_20260514_204108\opentitan\hw\top_englishbreakfast\ip_autogen\rv_core_ibex\doc\checklist.md","9436"
"doc","D:\MyWork\verilog\dbs\opentitan\hw\top_englishbreakfast\ip_autogen\rv_core_ibex\doc\interfaces.md","D:\MyWork\verilog\out\spec_documents_20260514_204108\opentitan\hw\top_englishbreakfast\ip_autogen\rv_core_ibex\doc\interfaces.md","13480"
"doc","D:\MyWork\verilog\dbs\opentitan\hw\top_englishbreakfast\ip_autogen\rv_core_ibex\doc\programmers_guide.md","D:\MyWork\verilog\out\spec_documents_20260514_204108\opentitan\hw\top_englishbreakfast\ip_autogen\rv_core_ibex\doc\programmers_guide.md","149"
"doc","D:\MyWork\verilog\dbs\opentitan\hw\top_englishbreakfast\ip_autogen\rv_core_ibex\doc\registers.md","D:\MyWork\verilog\out\spec_documents_20260514_204108\opentitan\hw\top_englishbreakfast\ip_autogen\rv_core_ibex\doc\registers.md","22372"
"doc","D:\MyWork\verilog\dbs\opentitan\hw\top_englishbreakfast\ip_autogen\rv_core_ibex\doc\theory_of_operation.md","D:\MyWork\verilog\out\spec_documents_20260514_204108\opentitan\hw\top_englishbreakfast\ip_autogen\rv_core_ibex\doc\theory_of_operation.md","6784"
"hjson_spec","D:\MyWork\verilog\dbs\opentitan\hw\top_englishbreakfast\ip_autogen\rv_plic\data\rv_plic.hjson","D:\MyWork\verilog\out\spec_documents_20260514_204108\opentitan\hw\top_englishbreakfast\ip_autogen\rv_plic\data\rv_plic.hjson","5923"
"hjson_spec","D:\MyWork\verilog\dbs\opentitan\hw\top_englishbreakfast\ip_autogen\rv_plic\data\rv_plic_fpv_testplan.hjson","D:\MyWork\verilog\out\spec_documents_20260514_204108\opentitan\hw\top_englishbreakfast\ip_autogen\rv_plic\data\rv_plic_fpv_testplan.hjson","2900"
"hjson_spec","D:\MyWork\verilog\dbs\opentitan\hw\top_englishbreakfast\ip_autogen\rv_plic\data\rv_plic_sec_cm_testplan.hjson","D:\MyWork\verilog\out\spec_documents_20260514_204108\opentitan\hw\top_englishbreakfast\ip_autogen\rv_plic\data\rv_plic_sec_cm_testplan.hjson","1351"
"hjson_spec","D:\MyWork\verilog\dbs\opentitan\hw\top_englishbreakfast\ip_autogen\rv_plic\data\top_englishbreakfast_rv_plic.ipconfig.hjson","D:\MyWork\verilog\out\spec_documents_20260514_204108\opentitan\hw\top_englishbreakfast\ip_autogen\rv_plic\data\top_englishbreakfast_rv_plic.ipconfig.hjson","546"
"doc","D:\MyWork\verilog\dbs\opentitan\hw\top_englishbreakfast\ip_autogen\rv_plic\doc\checklist.md","D:\MyWork\verilog\out\spec_documents_20260514_204108\opentitan\hw\top_englishbreakfast\ip_autogen\rv_plic\doc\checklist.md","20657"
"doc","D:\MyWork\verilog\dbs\opentitan\hw\top_englishbreakfast\ip_autogen\rv_plic\doc\programmers_guide.md","D:\MyWork\verilog\out\spec_documents_20260514_204108\opentitan\hw\top_englishbreakfast\ip_autogen\rv_plic\doc\programmers_guide.md","3442"
"doc","D:\MyWork\verilog\dbs\opentitan\hw\top_englishbreakfast\ip_autogen\rv_plic\doc\theory_of_operation.md","D:\MyWork\verilog\out\spec_documents_20260514_204108\opentitan\hw\top_englishbreakfast\ip_autogen\rv_plic\doc\theory_of_operation.md","6326"
"doc","D:\MyWork\verilog\dbs\opentitan\hw\top_englishbreakfast\ip_autogen\rv_plic\doc\dv\README.md","D:\MyWork\verilog\out\spec_documents_20260514_204108\opentitan\hw\top_englishbreakfast\ip_autogen\rv_plic\doc\dv\README.md","1897"
"doc","D:\MyWork\verilog\dbs\opentitan\hw\vendor\lowrisc_ibex\doc\index.rst","D:\MyWork\verilog\out\spec_documents_20260514_204108\opentitan\hw\vendor\lowrisc_ibex\doc\index.rst","1515"
"doc","D:\MyWork\verilog\dbs\opentitan\hw\vendor\lowrisc_ibex\doc\requirements.txt","D:\MyWork\verilog\out\spec_documents_20260514_204108\opentitan\hw\vendor\lowrisc_ibex\doc\requirements.txt","108"
"doc","D:\MyWork\verilog\dbs\opentitan\hw\vendor\lowrisc_ibex\doc\01_overview\compliance.rst","D:\MyWork\verilog\out\spec_documents_20260514_204108\opentitan\hw\vendor\lowrisc_ibex\doc\01_overview\compliance.rst","3758"
"doc","D:\MyWork\verilog\dbs\opentitan\hw\vendor\lowrisc_ibex\doc\01_overview\index.rst","D:\MyWork\verilog\out\spec_documents_20260514_204108\opentitan\hw\vendor\lowrisc_ibex\doc\01_overview\index.rst","611"
"doc","D:\MyWork\verilog\dbs\opentitan\hw\vendor\lowrisc_ibex\doc\01_overview\licensing.rst","D:\MyWork\verilog\out\spec_documents_20260514_204108\opentitan\hw\vendor\lowrisc_ibex\doc\01_overview\licensing.rst","829"
"doc","D:\MyWork\verilog\dbs\opentitan\hw\vendor\lowrisc_ibex\doc\01_overview\targets.rst","D:\MyWork\verilog\out\spec_documents_20260514_204108\opentitan\hw\vendor\lowrisc_ibex\doc\01_overview\targets.rst","722"
"doc","D:\MyWork\verilog\dbs\opentitan\hw\vendor\lowrisc_ibex\doc\01_overview\verification_overview.rst","D:\MyWork\verilog\out\spec_documents_20260514_204108\opentitan\hw\vendor\lowrisc_ibex\doc\01_overview\verification_overview.rst","1996"
"doc","D:\MyWork\verilog\dbs\opentitan\hw\vendor\lowrisc_ibex\doc\02_user\configuration.rst","D:\MyWork\verilog\out\spec_documents_20260514_204108\opentitan\hw\vendor\lowrisc_ibex\doc\02_user\configuration.rst","2297"
"doc","D:\MyWork\verilog\dbs\opentitan\hw\vendor\lowrisc_ibex\doc\02_user\examples.rst","D:\MyWork\verilog\out\spec_documents_20260514_204108\opentitan\hw\vendor\lowrisc_ibex\doc\02_user\examples.rst","1447"
"doc","D:\MyWork\verilog\dbs\opentitan\hw\vendor\lowrisc_ibex\doc\02_user\getting_started.rst","D:\MyWork\verilog\out\spec_documents_20260514_204108\opentitan\hw\vendor\lowrisc_ibex\doc\02_user\getting_started.rst","1271"
"doc","D:\MyWork\verilog\dbs\opentitan\hw\vendor\lowrisc_ibex\doc\02_user\index.rst","D:\MyWork\verilog\out\spec_documents_20260514_204108\opentitan\hw\vendor\lowrisc_ibex\doc\02_user\index.rst","387"
"doc","D:\MyWork\verilog\dbs\opentitan\hw\vendor\lowrisc_ibex\doc\02_user\integration.rst","D:\MyWork\verilog\out\spec_documents_20260514_204108\opentitan\hw\vendor\lowrisc_ibex\doc\02_user\integration.rst","27401"
"doc","D:\MyWork\verilog\dbs\opentitan\hw\vendor\lowrisc_ibex\doc\02_user\system_requirements.rst","D:\MyWork\verilog\out\spec_documents_20260514_204108\opentitan\hw\vendor\lowrisc_ibex\doc\02_user\system_requirements.rst","2262"
"doc","D:\MyWork\verilog\dbs\opentitan\hw\vendor\lowrisc_ibex\doc\03_reference\cosim.rst","D:\MyWork\verilog\out\spec_documents_20260514_204108\opentitan\hw\vendor\lowrisc_ibex\doc\03_reference\cosim.rst","12219"
"doc","D:\MyWork\verilog\dbs\opentitan\hw\vendor\lowrisc_ibex\doc\03_reference\coverage_plan.rst","D:\MyWork\verilog\out\spec_documents_20260514_204108\opentitan\hw\vendor\lowrisc_ibex\doc\03_reference\coverage_plan.rst","25412"
"doc","D:\MyWork\verilog\dbs\opentitan\hw\vendor\lowrisc_ibex\doc\03_reference\cs_registers.rst","D:\MyWork\verilog\out\spec_documents_20260514_204108\opentitan\hw\vendor\lowrisc_ibex\doc\03_reference\cs_registers.rst","36393"
"doc","D:\MyWork\verilog\dbs\opentitan\hw\vendor\lowrisc_ibex\doc\03_reference\debug.rst","D:\MyWork\verilog\out\spec_documents_20260514_204108\opentitan\hw\vendor\lowrisc_ibex\doc\03_reference\debug.rst","3261"
"doc","D:\MyWork\verilog\dbs\opentitan\hw\vendor\lowrisc_ibex\doc\03_reference\exception_interrupts.rst","D:\MyWork\verilog\out\spec_documents_20260514_204108\opentitan\hw\vendor\lowrisc_ibex\doc\03_reference\exception_interrupts.rst","12152"
"doc","D:\MyWork\verilog\dbs\opentitan\hw\vendor\lowrisc_ibex\doc\03_reference\history.rst","D:\MyWork\verilog\out\spec_documents_20260514_204108\opentitan\hw\vendor\lowrisc_ibex\doc\03_reference\history.rst","982"
"doc","D:\MyWork\verilog\dbs\opentitan\hw\vendor\lowrisc_ibex\doc\03_reference\icache.rst","D:\MyWork\verilog\out\spec_documents_20260514_204108\opentitan\hw\vendor\lowrisc_ibex\doc\03_reference\icache.rst","19733"
"doc","D:\MyWork\verilog\dbs\opentitan\hw\vendor\lowrisc_ibex\doc\03_reference\index.rst","D:\MyWork\verilog\out\spec_documents_20260514_204108\opentitan\hw\vendor\lowrisc_ibex\doc\03_reference\index.rst","666"
"doc","D:\MyWork\verilog\dbs\opentitan\hw\vendor\lowrisc_ibex\doc\03_reference\instruction_decode_execute.rst","D:\MyWork\verilog\out\spec_documents_20260514_204108\opentitan\hw\vendor\lowrisc_ibex\doc\03_reference\instruction_decode_execute.rst","11403"
"doc","D:\MyWork\verilog\dbs\opentitan\hw\vendor\lowrisc_ibex\doc\03_reference\instruction_fetch.rst","D:\MyWork\verilog\out\spec_documents_20260514_204108\opentitan\hw\vendor\lowrisc_ibex\doc\03_reference\instruction_fetch.rst","5809"
"doc","D:\MyWork\verilog\dbs\opentitan\hw\vendor\lowrisc_ibex\doc\03_reference\load_store_unit.rst","D:\MyWork\verilog\out\spec_documents_20260514_204108\opentitan\hw\vendor\lowrisc_ibex\doc\03_reference\load_store_unit.rst","9870"
"doc","D:\MyWork\verilog\dbs\opentitan\hw\vendor\lowrisc_ibex\doc\03_reference\performance_counters.rst","D:\MyWork\verilog\out\spec_documents_20260514_204108\opentitan\hw\vendor\lowrisc_ibex\doc\03_reference\performance_counters.rst","11165"
"doc","D:\MyWork\verilog\dbs\opentitan\hw\vendor\lowrisc_ibex\doc\03_reference\pipeline_details.rst","D:\MyWork\verilog\out\spec_documents_20260514_204108\opentitan\hw\vendor\lowrisc_ibex\doc\03_reference\pipeline_details.rst","10483"
"doc","D:\MyWork\verilog\dbs\opentitan\hw\vendor\lowrisc_ibex\doc\03_reference\pmp.rst","D:\MyWork\verilog\out\spec_documents_20260514_204108\opentitan\hw\vendor\lowrisc_ibex\doc\03_reference\pmp.rst","4298"
"doc","D:\MyWork\verilog\dbs\opentitan\hw\vendor\lowrisc_ibex\doc\03_reference\register_file.rst","D:\MyWork\verilog\out\spec_documents_20260514_204108\opentitan\hw\vendor\lowrisc_ibex\doc\03_reference\register_file.rst","4494"
"doc","D:\MyWork\verilog\dbs\opentitan\hw\vendor\lowrisc_ibex\doc\03_reference\rvfi.rst","D:\MyWork\verilog\out\spec_documents_20260514_204108\opentitan\hw\vendor\lowrisc_ibex\doc\03_reference\rvfi.rst","1047"
"doc","D:\MyWork\verilog\dbs\opentitan\hw\vendor\lowrisc_ibex\doc\03_reference\security.rst","D:\MyWork\verilog\out\spec_documents_20260514_204108\opentitan\hw\vendor\lowrisc_ibex\doc\03_reference\security.rst","8316"
"doc","D:\MyWork\verilog\dbs\opentitan\hw\vendor\lowrisc_ibex\doc\03_reference\testplan.rst","D:\MyWork\verilog\out\spec_documents_20260514_204108\opentitan\hw\vendor\lowrisc_ibex\doc\03_reference\testplan.rst","7032"
"doc","D:\MyWork\verilog\dbs\opentitan\hw\vendor\lowrisc_ibex\doc\03_reference\tracer.rst","D:\MyWork\verilog\out\spec_documents_20260514_204108\opentitan\hw\vendor\lowrisc_ibex\doc\03_reference\tracer.rst","2998"
"doc","D:\MyWork\verilog\dbs\opentitan\hw\vendor\lowrisc_ibex\doc\03_reference\verification.rst","D:\MyWork\verilog\out\spec_documents_20260514_204108\opentitan\hw\vendor\lowrisc_ibex\doc\03_reference\verification.rst","13347"
"doc","D:\MyWork\verilog\dbs\opentitan\hw\vendor\lowrisc_ibex\doc\03_reference\verification_stages.rst","D:\MyWork\verilog\out\spec_documents_20260514_204108\opentitan\hw\vendor\lowrisc_ibex\doc\03_reference\verification_stages.rst","38988"
"doc","D:\MyWork\verilog\dbs\opentitan\hw\vendor\lowrisc_ibex\doc\04_developer\concierge.rst","D:\MyWork\verilog\out\spec_documents_20260514_204108\opentitan\hw\vendor\lowrisc_ibex\doc\04_developer\concierge.rst","3340"
"doc","D:\MyWork\verilog\dbs\opentitan\hw\vendor\lowrisc_ibex\doc\04_developer\index.rst","D:\MyWork\verilog\out\spec_documents_20260514_204108\opentitan\hw\vendor\lowrisc_ibex\doc\04_developer\index.rst","579"
"hjson_spec","D:\MyWork\verilog\dbs\opentitan\hw\vendor\lowrisc_ibex\dv\uvm\icache\data\ibex_icache_testplan.hjson","D:\MyWork\verilog\out\spec_documents_20260514_204108\opentitan\hw\vendor\lowrisc_ibex\dv\uvm\icache\data\ibex_icache_testplan.hjson","5431"
"doc","D:\MyWork\verilog\dbs\opentitan\hw\vendor\lowrisc_ibex\dv\uvm\icache\doc\ibex_icache_dv_plan.md","D:\MyWork\verilog\out\spec_documents_20260514_204108\opentitan\hw\vendor\lowrisc_ibex\dv\uvm\icache\doc\ibex_icache_dv_plan.md","13654"
"doc","D:\MyWork\verilog\dbs\opentitan\hw\vendor\pulp_riscv_dbg\doc\debug-system.md","D:\MyWork\verilog\out\spec_documents_20260514_204108\opentitan\hw\vendor\pulp_riscv_dbg\doc\debug-system.md","36340"
"hjson_spec","D:\MyWork\verilog\dbs\opentitan\sw\device\lib\crypto\data\crypto_testplan.hjson","D:\MyWork\verilog\out\spec_documents_20260514_204108\opentitan\sw\device\lib\crypto\data\crypto_testplan.hjson","7731"
"hjson_spec","D:\MyWork\verilog\dbs\opentitan\sw\device\lib\testing\test_framework\data\ottf_testplan.hjson","D:\MyWork\verilog\out\spec_documents_20260514_204108\opentitan\sw\device\lib\testing\test_framework\data\ottf_testplan.hjson","1517"
"doc","D:\MyWork\verilog\dbs\opentitan\sw\device\silicon_creator\doc\boot_log.md","D:\MyWork\verilog\out\spec_documents_20260514_204108\opentitan\sw\device\silicon_creator\doc\boot_log.md","818"
"hjson_spec","D:\MyWork\verilog\dbs\opentitan\sw\device\silicon_creator\manuf\data\manuf_testplan.hjson","D:\MyWork\verilog\out\spec_documents_20260514_204108\opentitan\sw\device\silicon_creator\manuf\data\manuf_testplan.hjson","23354"
"hjson_spec","D:\MyWork\verilog\dbs\opentitan\sw\device\silicon_creator\rom\data\rom_e2e_testplan.hjson","D:\MyWork\verilog\out\spec_documents_20260514_204108\opentitan\sw\device\silicon_creator\rom\data\rom_e2e_testplan.hjson","57805"
"hjson_spec","D:\MyWork\verilog\dbs\opentitan\sw\device\silicon_creator\rom\data\rom_manual_testplan.hjson","D:\MyWork\verilog\out\spec_documents_20260514_204108\opentitan\sw\device\silicon_creator\rom\data\rom_manual_testplan.hjson","4459"
"doc","D:\MyWork\verilog\dbs\opentitan\sw\device\silicon_creator\rom\doc\bootstrap.md","D:\MyWork\verilog\out\spec_documents_20260514_204108\opentitan\sw\device\silicon_creator\rom\doc\bootstrap.md","8878"
"doc","D:\MyWork\verilog\dbs\opentitan\sw\device\silicon_creator\rom\doc\e2e_tests.md","D:\MyWork\verilog\out\spec_documents_20260514_204108\opentitan\sw\device\silicon_creator\rom\doc\e2e_tests.md","5050"
"doc","D:\MyWork\verilog\dbs\opentitan\sw\device\silicon_creator\rom\doc\memory_protection.md","D:\MyWork\verilog\out\spec_documents_20260514_204108\opentitan\sw\device\silicon_creator\rom\doc\memory_protection.md","9876"
"doc","D:\MyWork\verilog\dbs\opentitan\sw\device\silicon_creator\rom\doc\rom_customization.md","D:\MyWork\verilog\out\spec_documents_20260514_204108\opentitan\sw\device\silicon_creator\rom\doc\rom_customization.md","6911"
"doc","D:\MyWork\verilog\dbs\opentitan\sw\device\silicon_creator\rom\doc\rom_overview_specification.md","D:\MyWork\verilog\out\spec_documents_20260514_204108\opentitan\sw\device\silicon_creator\rom\doc\rom_overview_specification.md","7313"
"doc","D:\MyWork\verilog\dbs\opentitan\sw\device\silicon_creator\rom\doc\root_keys.md","D:\MyWork\verilog\out\spec_documents_20260514_204108\opentitan\sw\device\silicon_creator\rom\doc\root_keys.md","5034"
"doc","D:\MyWork\verilog\dbs\opentitan\sw\device\silicon_creator\rom\doc\shutdown.md","D:\MyWork\verilog\out\spec_documents_20260514_204108\opentitan\sw\device\silicon_creator\rom\doc\shutdown.md","15049"
"doc","D:\MyWork\verilog\dbs\opentitan\sw\device\silicon_creator\rom\doc\sigverify.md","D:\MyWork\verilog\out\spec_documents_20260514_204108\opentitan\sw\device\silicon_creator\rom\doc\sigverify.md","3547"
"hjson_spec","D:\MyWork\verilog\dbs\opentitan\sw\device\silicon_creator\rom_ext\data\rom_ext_e2e_testplan.hjson","D:\MyWork\verilog\out\spec_documents_20260514_204108\opentitan\sw\device\silicon_creator\rom_ext\data\rom_ext_e2e_testplan.hjson","16718"
"doc","D:\MyWork\verilog\dbs\opentitan\sw\device\silicon_creator\rom_ext\doc\manifest.md","D:\MyWork\verilog\out\spec_documents_20260514_204108\opentitan\sw\device\silicon_creator\rom_ext\doc\manifest.md","8470"
"doc","D:\MyWork\verilog\dbs\opentitan\sw\device\silicon_creator\rom_ext\doc\ownership.md","D:\MyWork\verilog\out\spec_documents_20260514_204108\opentitan\sw\device\silicon_creator\rom_ext\doc\ownership.md","42092"
"doc","D:\MyWork\verilog\dbs\opentitan\sw\device\silicon_creator\rom_ext\doc\rescue.md","D:\MyWork\verilog\out\spec_documents_20260514_204108\opentitan\sw\device\silicon_creator\rom_ext\doc\rescue.md","8351"
"doc","D:\MyWork\verilog\dbs\opentitan\sw\device\silicon_creator\rom_ext\doc\si_val.md","D:\MyWork\verilog\out\spec_documents_20260514_204108\opentitan\sw\device\silicon_creator\rom_ext\doc\si_val.md","3577"
"doc","D:\MyWork\verilog\dbs\opentitan\sw\device\tests\doc\sival\devguide.md","D:\MyWork\verilog\out\spec_documents_20260514_204108\opentitan\sw\device\tests\doc\sival\devguide.md","9346"
"doc","D:\MyWork\verilog\dbs\opentitan\sw\device\tests\doc\sival\README.md","D:\MyWork\verilog\out\spec_documents_20260514_204108\opentitan\sw\device\tests\doc\sival\README.md","9902"
"doc","D:\MyWork\verilog\dbs\opentitan\sw\device\tests\penetrationtests\doc\README.md","D:\MyWork\verilog\out\spec_documents_20260514_204108\opentitan\sw\device\tests\penetrationtests\doc\README.md","5971"
"doc","D:\MyWork\verilog\dbs\opentitan\sw\doc\build_software.md","D:\MyWork\verilog\out\spec_documents_20260514_204108\opentitan\sw\doc\build_software.md","505"
"hjson_spec","D:\MyWork\verilog\dbs\opentitan\sw\host\cryptotest\testvectors\data\cshake_nist_example_values.hjson","D:\MyWork\verilog\out\spec_documents_20260514_204108\opentitan\sw\host\cryptotest\testvectors\data\cshake_nist_example_values.hjson","2365"
"doc","D:\MyWork\verilog\dbs\opentitan\sw\host\hsmtool\doc\requirements.md","D:\MyWork\verilog\out\spec_documents_20260514_204108\opentitan\sw\host\hsmtool\doc\requirements.md","2841"
"doc","D:\MyWork\verilog\dbs\opentitan\sw\host\opentitanlib\doc\bitbanging.md","D:\MyWork\verilog\out\spec_documents_20260514_204108\opentitan\sw\host\opentitanlib\doc\bitbanging.md","14866"
"hjson_spec","D:\MyWork\verilog\dbs\opentitan\sw\host\provisioning\orchestrator\data\products.hjson","D:\MyWork\verilog\out\spec_documents_20260514_204108\opentitan\sw\host\provisioning\orchestrator\data\products.hjson","389"
"hjson_spec","D:\MyWork\verilog\dbs\opentitan\sw\host\provisioning\orchestrator\data\packages\earlgrey_a1.hjson","D:\MyWork\verilog\out\spec_documents_20260514_204108\opentitan\sw\host\provisioning\orchestrator\data\packages\earlgrey_a1.hjson","456"
"hjson_spec","D:\MyWork\verilog\dbs\opentitan\sw\host\provisioning\orchestrator\data\packages\earlgrey_a2.hjson","D:\MyWork\verilog\out\spec_documents_20260514_204108\opentitan\sw\host\provisioning\orchestrator\data\packages\earlgrey_a2.hjson","456"
"hjson_spec","D:\MyWork\verilog\dbs\opentitan\util\design\data\secded_cfg.hjson","D:\MyWork\verilog\out\spec_documents_20260514_204108\opentitan\util\design\data\secded_cfg.hjson","1163"
"doc","D:\MyWork\verilog\dbs\opentitan\util\doc\vendor.md","D:\MyWork\verilog\out\spec_documents_20260514_204108\opentitan\util\doc\vendor.md","6720"
"doc","D:\MyWork\verilog\dbs\opentitan\util\dvsim\doc\design_doc.md","D:\MyWork\verilog\out\spec_documents_20260514_204108\opentitan\util\dvsim\doc\design_doc.md","17630"
"doc","D:\MyWork\verilog\dbs\opentitan\util\dvsim\doc\glossary.md","D:\MyWork\verilog\out\spec_documents_20260514_204108\opentitan\util\dvsim\doc\glossary.md","9049"
"doc","D:\MyWork\verilog\dbs\opentitan\util\dvsim\doc\testplanner.md","D:\MyWork\verilog\out\spec_documents_20260514_204108\opentitan\util\dvsim\doc\testplanner.md","13313"
"hjson_spec","D:\MyWork\verilog\dbs\opentitan\util\py\data\gh_issue_template.hjson","D:\MyWork\verilog\out\spec_documents_20260514_204108\opentitan\util\py\data\gh_issue_template.hjson","490"
"doc","D:\MyWork\verilog\dbs\opentitan\util\reggen\doc\setup_and_use.md","D:\MyWork\verilog\out\spec_documents_20260514_204108\opentitan\util\reggen\doc\setup_and_use.md","3833"
